employee_id,employee_number,over_time,job_satisfaction,years_in_current_role,python_risk_segment
EMP0000001,1,Yes,4,4,Estable
EMP0000002,2,No,2,7,Estable
EMP0000003,3,Yes,3,0,Medio
EMP0000004,4,Yes,3,7,Medio
EMP0000005,5,No,2,2,Estable
EMP0000006,6,No,4,7,Estable
EMP0000007,7,Yes,1,0,Crítico
EMP0000008,8,No,3,0,Estable
EMP0000009,9,No,3,7,Estable
EMP0000010,10,No,3,7,Estable
EMP0000011,11,No,2,4,Estable
EMP0000012,12,Yes,3,5,Medio
EMP0000013,13,No,3,2,Estable
EMP0000014,14,No,4,2,Estable
EMP0000015,15,Yes,3,2,Medio
EMP0000016,16,No,1,9,Estable
EMP0000017,17,Yes,2,2,Estable
EMP0000018,18,Yes,4,0,Estable
EMP0000019,19,No,4,8,Estable
EMP0000020,20,Yes,4,2,Estable
EMP0000021,21,No,3,2,Estable
EMP0000022,22,No,1,3,Estable
EMP0000023,23,No,2,6,Estable
EMP0000024,24,No,4,0,Estable
EMP0000025,25,No,1,2,Estable
EMP0000026,26,No,3,13,Estable
EMP0000027,27,Yes,1,2,Estable
EMP0000028,28,No,2,7,Estable
EMP0000029,29,No,4,6,Estable
EMP0000030,30,No,1,2,Estable
EMP0000031,31,No,4,1,Estable
EMP0000032,32,Yes,4,2,Estable
EMP0000033,33,No,3,0,Estable
EMP0000034,34,No,4,0,Estable
EMP0000035,35,Yes,4,0,Estable
EMP0000036,36,No,3,3,Estable
EMP0000037,37,Yes,3,2,Medio
EMP0000038,38,No,4,2,Estable
EMP0000039,39,Yes,1,1,Crítico
EMP0000040,40,No,1,3,Estable
EMP0000041,41,No,4,0,Estable
EMP0000042,42,No,1,0,Estable
EMP0000043,43,No,3,0,Estable
EMP0000044,44,No,3,8,Estable
EMP0000045,45,No,4,8,Estable
EMP0000046,46,No,3,15,Estable
EMP0000047,47,No,3,5,Estable
EMP0000048,48,No,2,0,Estable
EMP0000049,49,Yes,4,6,Estable
EMP0000050,50,No,4,0,Estable
EMP0000051,51,Yes,3,0,Medio
EMP0000052,52,Yes,3,2,Medio
EMP0000053,53,Yes,1,3,Estable
EMP0000054,54,Yes,1,0,Crítico
EMP0000055,55,Yes,4,2,Estable
EMP0000056,56,Yes,4,14,Estable
EMP0000057,57,No,1,8,Estable
EMP0000058,58,Yes,1,2,Estable
EMP0000059,59,No,4,7,Estable
EMP0000060,60,No,3,5,Estable
EMP0000061,61,Yes,4,8,Estable
EMP0000062,62,No,4,3,Estable
EMP0000063,63,Yes,3,3,Medio
EMP0000064,64,No,1,16,Estable
EMP0000065,65,No,3,14,Estable
EMP0000066,66,Yes,3,0,Medio
EMP0000067,67,No,2,5,Estable
EMP0000068,68,No,1,0,Estable
EMP0000069,69,No,1,2,Estable
EMP0000070,70,Yes,3,0,Medio
EMP0000071,71,No,3,3,Estable
EMP0000072,72,No,2,4,Estable
EMP0000073,73,No,2,1,Estable
EMP0000074,74,No,2,4,Estable
EMP0000075,75,No,4,0,Estable
EMP0000076,76,No,4,7,Estable
EMP0000077,77,No,1,13,Estable
EMP0000078,78,Yes,1,0,Crítico
EMP0000079,79,No,3,2,Estable
EMP0000080,80,Yes,2,2,Estable
EMP0000081,81,Yes,4,8,Estable
EMP0000082,82,No,3,4,Estable
EMP0000083,83,No,4,0,Estable
EMP0000084,84,Yes,4,11,Estable
EMP0000085,85,No,2,2,Estable
EMP0000086,86,No,4,4,Estable
EMP0000087,87,No,1,0,Estable
EMP0000088,88,No,4,2,Estable
EMP0000089,89,No,4,10,Estable
EMP0000090,90,No,4,8,Estable
EMP0000091,91,No,2,3,Estable
EMP0000092,92,Yes,4,7,Estable
EMP0000093,93,Yes,2,8,Estable
EMP0000094,94,Yes,1,9,Estable
EMP0000095,95,No,3,8,Estable
EMP0000096,96,No,3,3,Estable
EMP0000097,97,No,3,2,Estable
EMP0000098,98,No,3,4,Estable
EMP0000099,99,No,3,10,Estable
EMP0000100,100,No,2,2,Estable
EMP0000101,101,Yes,1,2,Estable
EMP0000102,102,No,1,0,Estable
EMP0000103,103,Yes,4,0,Estable
EMP0000104,104,No,3,13,Estable
EMP0000105,105,No,4,0,Estable
EMP0000106,106,No,4,2,Estable
EMP0000107,107,Yes,2,3,Estable
EMP0000108,108,Yes,3,4,Medio
EMP0000109,109,No,4,2,Estable
EMP0000110,110,No,4,0,Estable
EMP0000111,111,No,1,12,Estable
EMP0000112,112,Yes,3,7,Medio
EMP0000113,113,Yes,4,3,Estable
EMP0000114,114,No,3,3,Estable
EMP0000115,115,No,2,0,Estable
EMP0000116,116,No,4,3,Estable
EMP0000117,117,No,1,10,Estable
EMP0000118,118,No,4,7,Estable
EMP0000119,119,No,4,0,Estable
EMP0000120,120,Yes,4,12,Estable
EMP0000121,121,No,3,7,Estable
EMP0000122,122,No,2,7,Estable
EMP0000123,123,Yes,2,4,Estable
EMP0000124,124,No,3,18,Estable
EMP0000125,125,Yes,3,7,Medio
EMP0000126,126,No,2,4,Estable
EMP0000127,127,No,4,10,Estable
EMP0000128,128,Yes,3,0,Medio
EMP0000129,129,No,4,1,Estable
EMP0000130,130,No,1,11,Estable
EMP0000131,131,No,3,2,Estable
EMP0000132,132,No,4,2,Estable
EMP0000133,133,Yes,3,2,Medio
EMP0000134,134,Yes,3,7,Medio
EMP0000135,135,No,3,7,Estable
EMP0000136,136,No,2,2,Estable
EMP0000137,137,No,4,2,Estable
EMP0000138,138,No,3,11,Estable
EMP0000139,139,No,3,2,Estable
EMP0000140,140,Yes,4,9,Estable
EMP0000141,141,No,1,4,Estable
EMP0000142,142,No,4,5,Estable
EMP0000143,143,Yes,3,2,Medio
EMP0000144,144,No,3,4,Estable
EMP0000145,145,No,4,7,Estable
EMP0000146,146,No,1,2,Estable
EMP0000147,147,No,4,3,Estable
EMP0000148,148,No,1,6,Estable
EMP0000149,149,No,1,0,Estable
EMP0000150,150,No,2,0,Estable
EMP0000151,151,No,2,7,Estable
EMP0000152,152,No,2,8,Estable
EMP0000153,153,Yes,3,7,Medio
EMP0000154,154,No,2,9,Estable
EMP0000155,155,No,4,8,Estable
EMP0000156,156,No,3,7,Estable
EMP0000157,157,No,3,0,Estable
EMP0000158,158,Yes,2,0,Crítico
EMP0000159,159,No,4,11,Estable
EMP0000160,160,No,3,3,Estable
EMP0000161,161,No,4,2,Estable
EMP0000162,162,No,2,2,Estable
EMP0000163,163,No,4,2,Estable
EMP0000164,164,Yes,4,3,Estable
EMP0000165,165,Yes,3,1,Medio
EMP0000166,166,No,2,4,Estable
EMP0000167,167,No,3,8,Estable
EMP0000168,168,No,4,9,Estable
EMP0000169,169,No,4,3,Estable
EMP0000170,170,No,3,4,Estable
EMP0000171,171,Yes,2,2,Estable
EMP0000172,172,No,1,0,Estable
EMP0000173,173,No,2,7,Estable
EMP0000174,174,No,1,9,Estable
EMP0000175,175,Yes,1,4,Estable
EMP0000176,176,Yes,1,2,Estable
EMP0000177,177,No,4,1,Estable
EMP0000178,178,No,4,0,Estable
EMP0000179,179,No,1,13,Estable
EMP0000180,180,No,4,2,Estable
EMP0000181,181,Yes,4,2,Estable
EMP0000182,182,No,2,2,Estable
EMP0000183,183,Yes,2,3,Estable
EMP0000184,184,No,3,2,Estable
EMP0000185,185,No,1,2,Estable
EMP0000186,186,No,2,7,Estable
EMP0000187,187,No,3,8,Estable
EMP0000188,188,No,2,15,Estable
EMP0000189,189,No,3,9,Estable
EMP0000190,190,No,2,7,Estable
EMP0000191,191,No,3,18,Estable
EMP0000192,192,No,2,7,Estable
EMP0000193,193,Yes,3,0,Medio
EMP0000194,194,No,4,4,Estable
EMP0000195,195,No,4,8,Estable
EMP0000196,196,Yes,1,7,Estable
EMP0000197,197,No,2,2,Estable
EMP0000198,198,No,3,3,Estable
EMP0000199,199,No,3,0,Estable
EMP0000200,200,No,4,7,Estable
EMP0000201,201,No,1,2,Estable
EMP0000202,202,Yes,4,7,Estable
EMP0000203,203,Yes,3,3,Medio
EMP0000204,204,Yes,4,2,Estable
EMP0000205,205,Yes,1,0,Crítico
EMP0000206,206,No,4,4,Estable
EMP0000207,207,Yes,2,2,Estable
EMP0000208,208,No,4,1,Estable
EMP0000209,209,No,4,2,Estable
EMP0000210,210,No,1,2,Estable
EMP0000211,211,No,4,8,Estable
EMP0000212,212,No,3,8,Estable
EMP0000213,213,No,3,7,Estable
EMP0000214,214,No,2,9,Estable
EMP0000215,215,Yes,1,2,Estable
EMP0000216,216,Yes,4,0,Estable
EMP0000217,217,No,1,3,Estable
EMP0000218,218,No,3,2,Estable
EMP0000219,219,No,4,7,Estable
EMP0000220,220,No,1,2,Estable
EMP0000221,221,No,2,11,Estable
EMP0000222,222,No,2,2,Estable
EMP0000223,223,Yes,4,8,Estable
EMP0000224,224,No,3,10,Estable
EMP0000225,225,No,3,4,Estable
EMP0000226,226,No,4,0,Estable
EMP0000227,227,No,4,8,Estable
EMP0000228,228,No,4,10,Estable
EMP0000229,229,No,3,7,Estable
EMP0000230,230,Yes,4,3,Estable
EMP0000231,231,No,4,2,Estable
EMP0000232,232,No,4,17,Estable
EMP0000233,233,No,3,2,Estable
EMP0000234,234,No,4,0,Estable
EMP0000235,235,Yes,4,4,Estable
EMP0000236,236,Yes,4,13,Estable
EMP0000237,237,No,1,7,Estable
EMP0000238,238,Yes,3,7,Medio
EMP0000239,239,No,2,3,Estable
EMP0000240,240,Yes,3,2,Medio
EMP0000241,241,No,3,2,Estable
EMP0000242,242,No,4,2,Estable
EMP0000243,243,No,1,0,Estable
EMP0000244,244,No,4,8,Estable
EMP0000245,245,No,4,0,Estable
EMP0000246,246,No,3,2,Estable
EMP0000247,247,No,4,2,Estable
EMP0000248,248,No,1,9,Estable
EMP0000249,249,No,1,1,Estable
EMP0000250,250,No,3,2,Estable
EMP0000251,251,No,3,0,Estable
EMP0000252,252,No,3,6,Estable
EMP0000253,253,No,4,5,Estable
EMP0000254,254,Yes,1,2,Estable
EMP0000255,255,No,4,2,Estable
EMP0000256,256,No,3,2,Estable
EMP0000257,257,Yes,1,6,Estable
EMP0000258,258,No,3,7,Estable
EMP0000259,259,No,4,0,Estable
EMP0000260,260,No,2,4,Estable
EMP0000261,261,No,2,1,Estable
EMP0000262,262,No,4,7,Estable
EMP0000263,263,No,1,2,Estable
EMP0000264,264,Yes,2,7,Estable
EMP0000265,265,No,3,0,Estable
EMP0000266,266,No,2,0,Estable
EMP0000267,267,No,4,0,Estable
EMP0000268,268,No,1,3,Estable
EMP0000269,269,Yes,4,7,Estable
EMP0000270,270,No,4,13,Estable
EMP0000271,271,Yes,1,10,Estable
EMP0000272,272,Yes,2,7,Estable
EMP0000273,273,No,4,2,Estable
EMP0000274,274,No,4,4,Estable
EMP0000275,275,No,3,2,Estable
EMP0000276,276,Yes,4,2,Estable
EMP0000277,277,No,2,7,Estable
EMP0000278,278,Yes,1,0,Crítico
EMP0000279,279,No,2,5,Estable
EMP0000280,280,No,2,4,Estable
EMP0000281,281,Yes,3,3,Medio
EMP0000282,282,No,3,16,Estable
EMP0000283,283,No,4,7,Estable
EMP0000284,284,Yes,4,7,Estable
EMP0000285,285,Yes,1,3,Estable
EMP0000286,286,No,4,12,Estable
EMP0000287,287,Yes,3,0,Medio
EMP0000288,288,No,4,2,Estable
EMP0000289,289,Yes,2,2,Estable
EMP0000290,290,No,4,3,Estable
EMP0000291,291,Yes,1,2,Estable
EMP0000292,292,No,2,0,Estable
EMP0000293,293,No,2,2,Estable
EMP0000294,294,Yes,4,7,Estable
EMP0000295,295,Yes,4,2,Estable
EMP0000296,296,No,2,4,Estable
EMP0000297,297,No,3,0,Estable
EMP0000298,298,No,2,9,Estable
EMP0000299,299,No,4,0,Estable
EMP0000300,300,No,2,1,Estable
EMP0000301,301,No,2,10,Estable
EMP0000302,302,No,3,0,Estable
EMP0000303,303,No,1,3,Estable
EMP0000304,304,No,4,7,Estable
EMP0000305,305,No,4,10,Estable
EMP0000306,306,No,2,8,Estable
EMP0000307,307,No,3,8,Estable
EMP0000308,308,No,2,8,Estable
EMP0000309,309,Yes,3,3,Medio
EMP0000310,310,Yes,4,2,Estable
EMP0000311,311,No,1,2,Estable
EMP0000312,312,No,1,9,Estable
EMP0000313,313,Yes,4,2,Estable
EMP0000314,314,No,2,6,Estable
EMP0000315,315,Yes,1,9,Estable
EMP0000316,316,No,4,7,Estable
EMP0000317,317,Yes,3,1,Medio
EMP0000318,318,No,2,2,Estable
EMP0000319,319,Yes,2,3,Estable
EMP0000320,320,Yes,2,12,Estable
EMP0000321,321,Yes,3,4,Medio
EMP0000322,322,No,4,7,Estable
EMP0000323,323,No,4,7,Estable
EMP0000324,324,Yes,4,2,Estable
EMP0000325,325,No,4,8,Estable
EMP0000326,326,No,3,9,Estable
EMP0000327,327,No,4,9,Estable
EMP0000328,328,Yes,3,0,Medio
EMP0000329,329,No,4,7,Estable
EMP0000330,330,No,3,2,Estable
EMP0000331,331,No,3,7,Estable
EMP0000332,332,Yes,2,4,Estable
EMP0000333,333,No,3,3,Estable
EMP0000334,334,No,1,0,Estable
EMP0000335,335,No,4,9,Estable
EMP0000336,336,Yes,4,3,Estable
EMP0000337,337,Yes,1,7,Estable
EMP0000338,338,No,4,2,Estable
EMP0000339,339,No,3,9,Estable
EMP0000340,340,No,2,7,Estable
EMP0000341,341,No,4,2,Estable
EMP0000342,342,Yes,4,10,Estable
EMP0000343,343,Yes,4,9,Estable
EMP0000344,344,Yes,2,7,Estable
EMP0000345,345,No,2,6,Estable
EMP0000346,346,No,4,2,Estable
EMP0000347,347,Yes,2,4,Estable
EMP0000348,348,No,3,0,Estable
EMP0000349,349,No,4,0,Estable
EMP0000350,350,No,3,3,Estable
EMP0000351,351,Yes,3,2,Medio
EMP0000352,352,No,2,0,Estable
EMP0000353,353,No,3,0,Estable
EMP0000354,354,Yes,1,7,Estable
EMP0000355,355,Yes,3,2,Medio
EMP0000356,356,No,3,7,Estable
EMP0000357,357,No,4,0,Estable
EMP0000358,358,Yes,2,2,Estable
EMP0000359,359,No,4,0,Estable
EMP0000360,360,No,4,9,Estable
EMP0000361,361,No,3,2,Estable
EMP0000362,362,Yes,3,7,Medio
EMP0000363,363,No,4,2,Estable
EMP0000364,364,Yes,3,0,Medio
EMP0000365,365,No,1,4,Estable
EMP0000366,366,No,3,0,Estable
EMP0000367,367,No,2,7,Estable
EMP0000368,368,No,4,3,Estable
EMP0000369,369,Yes,3,4,Medio
EMP0000370,370,Yes,2,2,Estable
EMP0000371,371,No,2,0,Estable
EMP0000372,372,No,4,2,Estable
EMP0000373,373,No,2,1,Estable
EMP0000374,374,No,2,2,Estable
EMP0000375,375,No,4,5,Estable
EMP0000376,376,No,3,2,Estable
EMP0000377,377,No,4,7,Estable
EMP0000378,378,No,3,2,Estable
EMP0000379,379,Yes,4,2,Estable
EMP0000380,380,Yes,4,4,Estable
EMP0000381,381,Yes,3,2,Medio
EMP0000382,382,No,2,0,Estable
EMP0000383,383,No,1,4,Estable
EMP0000384,384,No,2,1,Estable
EMP0000385,385,No,3,9,Estable
EMP0000386,386,Yes,4,0,Estable
EMP0000387,387,No,1,7,Estable
EMP0000388,388,No,2,4,Estable
EMP0000389,389,No,1,2,Estable
EMP0000390,390,Yes,2,0,Crítico
EMP0000391,391,No,2,10,Estable
EMP0000392,392,No,3,0,Estable
EMP0000393,393,No,1,2,Estable
EMP0000394,394,No,3,2,Estable
EMP0000395,395,No,1,10,Estable
EMP0000396,396,No,4,2,Estable
EMP0000397,397,Yes,3,2,Medio
EMP0000398,398,Yes,4,4,Estable
EMP0000399,399,Yes,3,11,Medio
EMP0000400,400,No,1,2,Estable
EMP0000401,401,Yes,3,8,Medio
EMP0000402,402,No,1,7,Estable
EMP0000403,403,No,3,4,Estable
EMP0000404,404,No,1,7,Estable
EMP0000405,405,No,1,0,Estable
EMP0000406,406,No,1,2,Estable
EMP0000407,407,Yes,3,4,Medio
EMP0000408,408,No,4,2,Estable
EMP0000409,409,No,4,2,Estable
EMP0000410,410,No,3,4,Estable
EMP0000411,411,No,4,4,Estable
EMP0000412,412,No,1,8,Estable
EMP0000413,413,No,3,7,Estable
EMP0000414,414,No,4,5,Estable
EMP0000415,415,Yes,2,3,Estable
EMP0000416,416,No,3,2,Estable
EMP0000417,417,Yes,4,0,Estable
EMP0000418,418,No,3,15,Estable
EMP0000419,419,No,4,2,Estable
EMP0000420,420,No,4,3,Estable
EMP0000421,421,No,3,2,Estable
EMP0000422,422,No,2,2,Estable
EMP0000423,423,No,4,0,Estable
EMP0000424,424,No,1,8,Estable
EMP0000425,425,No,4,0,Estable
EMP0000426,426,No,3,10,Estable
EMP0000427,427,No,4,7,Estable
EMP0000428,428,No,1,13,Estable
EMP0000429,429,No,4,0,Estable
EMP0000430,430,No,3,2,Estable
EMP0000431,431,No,3,4,Estable
EMP0000432,432,No,3,0,Estable
EMP0000433,433,No,3,3,Estable
EMP0000434,434,Yes,4,2,Estable
EMP0000435,435,No,2,8,Estable
EMP0000436,436,Yes,3,6,Medio
EMP0000437,437,No,4,3,Estable
EMP0000438,438,No,2,2,Estable
EMP0000439,439,Yes,3,7,Medio
EMP0000440,440,No,3,0,Estable
EMP0000441,441,Yes,1,2,Estable
EMP0000442,442,No,3,2,Estable
EMP0000443,443,No,4,3,Estable
EMP0000444,444,No,3,2,Estable
EMP0000445,445,No,4,7,Estable
EMP0000446,446,No,2,9,Estable
EMP0000447,447,No,4,3,Estable
EMP0000448,448,No,3,9,Estable
EMP0000449,449,No,3,6,Estable
EMP0000450,450,No,3,3,Estable
EMP0000451,451,Yes,4,5,Estable
EMP0000452,452,Yes,1,9,Estable
EMP0000453,453,No,2,7,Estable
EMP0000454,454,Yes,3,7,Medio
EMP0000455,455,No,4,2,Estable
EMP0000456,456,No,3,1,Estable
EMP0000457,457,No,4,4,Estable
EMP0000458,458,Yes,2,0,Crítico
EMP0000459,459,No,1,0,Estable
EMP0000460,460,Yes,3,7,Medio
EMP0000461,461,No,3,0,Estable
EMP0000462,462,No,3,4,Estable
EMP0000463,463,No,4,7,Estable
EMP0000464,464,Yes,4,0,Estable
EMP0000465,465,No,4,5,Estable
EMP0000466,466,No,3,2,Estable
EMP0000467,467,No,1,16,Estable
EMP0000468,468,No,2,5,Estable
EMP0000469,469,Yes,1,9,Estable
EMP0000470,470,No,3,2,Estable
EMP0000471,471,No,4,2,Estable
EMP0000472,472,No,3,0,Estable
EMP0000473,473,No,2,5,Estable
EMP0000474,474,Yes,3,9,Medio
EMP0000475,475,Yes,4,5,Estable
EMP0000476,476,No,2,3,Estable
EMP0000477,477,No,2,0,Estable
EMP0000478,478,No,2,5,Estable
EMP0000479,479,No,3,4,Estable
EMP0000480,480,Yes,3,3,Medio
EMP0000481,481,No,1,0,Estable
EMP0000482,482,Yes,4,5,Estable
EMP0000483,483,No,1,1,Estable
EMP0000484,484,No,4,2,Estable
EMP0000485,485,No,4,7,Estable
EMP0000486,486,No,3,3,Estable
EMP0000487,487,Yes,3,0,Medio
EMP0000488,488,No,2,0,Estable
EMP0000489,489,No,4,2,Estable
EMP0000490,490,Yes,4,0,Estable
EMP0000491,491,No,1,0,Estable
EMP0000492,492,Yes,3,7,Medio
EMP0000493,493,No,1,2,Estable
EMP0000494,494,No,3,2,Estable
EMP0000495,495,Yes,3,2,Medio
EMP0000496,496,No,1,3,Estable
EMP0000497,497,No,3,2,Estable
EMP0000498,498,Yes,4,2,Estable
EMP0000499,499,No,3,2,Estable
EMP0000500,500,No,3,0,Estable
EMP0000501,501,Yes,4,4,Estable
EMP0000502,502,No,3,0,Estable
EMP0000503,503,No,1,7,Estable
EMP0000504,504,No,4,9,Estable
EMP0000505,505,No,1,1,Estable
EMP0000506,506,Yes,4,2,Estable
EMP0000507,507,No,3,7,Estable
EMP0000508,508,No,3,0,Estable
EMP0000509,509,No,4,11,Estable
EMP0000510,510,No,4,11,Estable
EMP0000511,511,No,2,7,Estable
EMP0000512,512,Yes,2,2,Estable
EMP0000513,513,No,4,2,Estable
EMP0000514,514,Yes,3,0,Medio
EMP0000515,515,Yes,1,8,Estable
EMP0000516,516,No,3,0,Estable
EMP0000517,517,No,1,2,Estable
EMP0000518,518,No,2,2,Estable
EMP0000519,519,No,4,7,Estable
EMP0000520,520,No,4,7,Estable
EMP0000521,521,No,2,2,Estable
EMP0000522,522,Yes,4,5,Estable
EMP0000523,523,No,4,0,Estable
EMP0000524,524,Yes,3,8,Medio
EMP0000525,525,No,2,7,Estable
EMP0000526,526,No,3,2,Estable
EMP0000527,527,No,3,7,Estable
EMP0000528,528,No,4,7,Estable
EMP0000529,529,Yes,3,3,Medio
EMP0000530,530,No,4,7,Estable
EMP0000531,531,No,1,7,Estable
EMP0000532,532,No,4,7,Estable
EMP0000533,533,No,1,7,Estable
EMP0000534,534,Yes,1,13,Estable
EMP0000535,535,No,3,1,Estable
EMP0000536,536,No,4,6,Estable
EMP0000537,537,No,1,2,Estable
EMP0000538,538,No,1,7,Estable
EMP0000539,539,No,3,7,Estable
EMP0000540,540,No,2,2,Estable
EMP0000541,541,Yes,2,7,Estable
EMP0000542,542,No,1,7,Estable
EMP0000543,543,Yes,3,0,Medio
EMP0000544,544,No,3,2,Estable
EMP0000545,545,Yes,3,2,Medio
EMP0000546,546,No,4,7,Estable
EMP0000547,547,No,3,0,Estable
EMP0000548,548,Yes,3,2,Medio
EMP0000549,549,No,4,2,Estable
EMP0000550,550,No,3,1,Estable
EMP0000551,551,No,1,3,Estable
EMP0000552,552,No,2,3,Estable
EMP0000553,553,No,4,7,Estable
EMP0000554,554,Yes,4,2,Estable
EMP0000555,555,No,1,6,Estable
EMP0000556,556,No,2,2,Estable
EMP0000557,557,No,4,2,Estable
EMP0000558,558,No,1,0,Estable
EMP0000559,559,No,4,8,Estable
EMP0000560,560,Yes,3,0,Medio
EMP0000561,561,No,1,0,Estable
EMP0000562,562,No,1,6,Estable
EMP0000563,563,Yes,4,9,Estable
EMP0000564,564,No,4,5,Estable
EMP0000565,565,No,3,7,Estable
EMP0000566,566,No,3,2,Estable
EMP0000567,567,Yes,3,4,Medio
EMP0000568,568,No,4,5,Estable
EMP0000569,569,Yes,1,2,Estable
EMP0000570,570,No,1,7,Estable
EMP0000571,571,No,4,3,Estable
EMP0000572,572,No,4,2,Estable
EMP0000573,573,No,3,7,Estable
EMP0000574,574,No,1,3,Estable
EMP0000575,575,No,4,2,Estable
EMP0000576,576,Yes,1,3,Estable
EMP0000577,577,No,4,2,Estable
EMP0000578,578,Yes,1,3,Estable
EMP0000579,579,Yes,1,7,Estable
EMP0000580,580,No,1,5,Estable
EMP0000581,581,No,4,2,Estable
EMP0000582,582,No,3,2,Estable
EMP0000583,583,No,2,7,Estable
EMP0000584,584,No,1,2,Estable
EMP0000585,585,No,4,7,Estable
EMP0000586,586,Yes,1,0,Crítico
EMP0000587,587,No,2,0,Estable
EMP0000588,588,No,3,2,Estable
EMP0000589,589,No,3,3,Estable
EMP0000590,590,Yes,1,0,Crítico
EMP0000591,591,No,3,9,Estable
EMP0000592,592,No,1,2,Estable
EMP0000593,593,Yes,4,14,Estable
EMP0000594,594,No,2,7,Estable
EMP0000595,595,No,3,7,Estable
EMP0000596,596,Yes,2,15,Estable
EMP0000597,597,No,3,2,Estable
EMP0000598,598,Yes,4,3,Estable
EMP0000599,599,No,3,2,Estable
EMP0000600,600,No,2,2,Estable
EMP0000601,601,No,3,13,Estable
EMP0000602,602,No,3,0,Estable
EMP0000603,603,Yes,4,0,Estable
EMP0000604,604,No,3,0,Estable
EMP0000605,605,No,2,8,Estable
EMP0000606,606,No,1,3,Estable
EMP0000607,607,No,4,2,Estable
EMP0000608,608,No,4,8,Estable
EMP0000609,609,No,4,7,Estable
EMP0000610,610,No,1,1,Estable
EMP0000611,611,Yes,4,8,Estable
EMP0000612,612,No,3,5,Estable
EMP0000613,613,Yes,2,7,Estable
EMP0000614,614,No,4,2,Estable
EMP0000615,615,Yes,3,7,Medio
EMP0000616,616,No,4,0,Estable
EMP0000617,617,No,3,6,Estable
EMP0000618,618,No,2,2,Estable
EMP0000619,619,No,1,3,Estable
EMP0000620,620,No,1,8,Estable
EMP0000621,621,No,1,5,Estable
EMP0000622,622,Yes,4,14,Estable
EMP0000623,623,No,4,2,Estable
EMP0000624,624,No,4,4,Estable
EMP0000625,625,Yes,4,2,Estable
EMP0000626,626,Yes,1,4,Estable
EMP0000627,627,No,3,3,Estable
EMP0000628,628,No,4,8,Estable
EMP0000629,629,No,3,0,Estable
EMP0000630,630,No,4,1,Estable
EMP0000631,631,No,4,2,Estable
EMP0000632,632,Yes,4,2,Estable
EMP0000633,633,Yes,4,1,Estable
EMP0000634,634,No,1,4,Estable
EMP0000635,635,Yes,1,3,Estable
EMP0000636,636,Yes,3,14,Medio
EMP0000637,637,Yes,2,2,Estable
EMP0000638,638,No,4,0,Estable
EMP0000639,639,No,1,2,Estable
EMP0000640,640,No,1,2,Estable
EMP0000641,641,No,4,2,Estable
EMP0000642,642,No,2,8,Estable
EMP0000643,643,No,2,2,Estable
EMP0000644,644,Yes,4,3,Estable
EMP0000645,645,Yes,4,4,Estable
EMP0000646,646,Yes,3,2,Medio
EMP0000647,647,No,4,0,Estable
EMP0000648,648,No,2,10,Estable
EMP0000649,649,No,4,4,Estable
EMP0000650,650,No,4,9,Estable
EMP0000651,651,No,4,2,Estable
EMP0000652,652,Yes,4,6,Estable
EMP0000653,653,Yes,2,0,Crítico
EMP0000654,654,No,1,6,Estable
EMP0000655,655,No,4,4,Estable
EMP0000656,656,Yes,2,3,Estable
EMP0000657,657,Yes,4,0,Estable
EMP0000658,658,No,4,3,Estable
EMP0000659,659,Yes,1,7,Estable
EMP0000660,660,No,4,2,Estable
EMP0000661,661,Yes,4,0,Estable
EMP0000662,662,No,2,0,Estable
EMP0000663,663,No,3,2,Estable
EMP0000664,664,No,4,0,Estable
EMP0000665,665,Yes,4,8,Estable
EMP0000666,666,Yes,4,2,Estable
EMP0000667,667,Yes,3,2,Medio
EMP0000668,668,Yes,4,7,Estable
EMP0000669,669,No,3,2,Estable
EMP0000670,670,Yes,1,2,Estable
EMP0000671,671,No,3,1,Estable
EMP0000672,672,No,2,0,Estable
EMP0000673,673,No,3,4,Estable
EMP0000674,674,Yes,1,2,Estable
EMP0000675,675,Yes,2,0,Crítico
EMP0000676,676,No,3,7,Estable
EMP0000677,677,Yes,4,6,Estable
EMP0000678,678,No,2,9,Estable
EMP0000679,679,No,3,0,Estable
EMP0000680,680,No,3,8,Estable
EMP0000681,681,No,4,2,Estable
EMP0000682,682,No,1,12,Estable
EMP0000683,683,No,2,0,Estable
EMP0000684,684,Yes,2,0,Crítico
EMP0000685,685,No,2,0,Estable
EMP0000686,686,No,1,7,Estable
EMP0000687,687,Yes,1,13,Estable
EMP0000688,688,No,3,8,Estable
EMP0000689,689,Yes,2,0,Crítico
EMP0000690,690,No,1,0,Estable
EMP0000691,691,Yes,4,7,Estable
EMP0000692,692,Yes,2,1,Crítico
EMP0000693,693,No,1,7,Estable
EMP0000694,694,Yes,4,7,Estable
EMP0000695,695,No,4,0,Estable
EMP0000696,696,No,3,1,Estable
EMP0000697,697,No,2,7,Estable
EMP0000698,698,No,4,1,Estable
EMP0000699,699,No,3,2,Estable
EMP0000700,700,No,4,8,Estable
EMP0000701,701,No,3,0,Estable
EMP0000702,702,No,3,13,Estable
EMP0000703,703,No,3,4,Estable
EMP0000704,704,Yes,4,3,Estable
EMP0000705,705,No,4,9,Estable
EMP0000706,706,No,3,7,Estable
EMP0000707,707,Yes,2,0,Crítico
EMP0000708,708,Yes,3,10,Medio
EMP0000709,709,No,4,7,Estable
EMP0000710,710,Yes,1,2,Estable
EMP0000711,711,No,3,8,Estable
EMP0000712,712,Yes,1,0,Crítico
EMP0000713,713,No,4,2,Estable
EMP0000714,714,No,4,3,Estable
EMP0000715,715,No,4,4,Estable
EMP0000716,716,Yes,2,5,Estable
EMP0000717,717,No,3,16,Estable
EMP0000718,718,No,2,2,Estable
EMP0000719,719,Yes,1,8,Estable
EMP0000720,720,Yes,4,0,Estable
EMP0000721,721,Yes,3,2,Medio
EMP0000722,722,Yes,3,11,Medio
EMP0000723,723,No,3,1,Estable
EMP0000724,724,No,3,7,Estable
EMP0000725,725,No,3,2,Estable
EMP0000726,726,Yes,2,2,Estable
EMP0000727,727,No,1,3,Estable
EMP0000728,728,No,4,0,Estable
EMP0000729,729,No,3,7,Estable
EMP0000730,730,Yes,3,10,Medio
EMP0000731,731,Yes,1,7,Estable
EMP0000732,732,Yes,1,0,Crítico
EMP0000733,733,No,2,2,Estable
EMP0000734,734,No,4,7,Estable
EMP0000840,840,No,1,4,Estable
EMP0000735,735,No,1,3,Estable
EMP0000736,736,No,3,2,Estable
EMP0000737,737,No,3,11,Estable
EMP0000738,738,No,3,2,Estable
EMP0000739,739,No,4,6,Estable
EMP0000740,740,No,4,2,Estable
EMP0000741,741,No,4,2,Estable
EMP0000742,742,No,3,0,Estable
EMP0000743,743,No,4,0,Estable
EMP0000744,744,Yes,4,3,Estable
EMP0000745,745,No,2,0,Estable
EMP0000746,746,Yes,2,7,Estable
EMP0000747,747,No,3,16,Estable
EMP0000748,748,Yes,4,0,Estable
EMP0000749,749,No,1,2,Estable
EMP0000750,750,No,4,14,Estable
EMP0000751,751,Yes,4,11,Estable
EMP0000752,752,No,3,7,Estable
EMP0000753,753,No,1,13,Estable
EMP0000754,754,Yes,1,6,Estable
EMP0000755,755,No,4,2,Estable
EMP0000756,756,No,4,3,Estable
EMP0000757,757,No,3,7,Estable
EMP0000758,758,No,4,1,Estable
EMP0000759,759,Yes,4,4,Estable
EMP0000760,760,No,2,3,Estable
EMP0000761,761,No,2,7,Estable
EMP0000762,762,No,3,0,Estable
EMP0000763,763,Yes,1,2,Estable
EMP0000764,764,Yes,3,1,Medio
EMP0000765,765,No,2,0,Estable
EMP0000766,766,No,3,2,Estable
EMP0000767,767,Yes,3,1,Medio
EMP0000768,768,No,2,3,Estable
EMP0000769,769,No,1,7,Estable
EMP0000770,770,No,3,3,Estable
EMP0000771,771,No,4,2,Estable
EMP0000772,772,No,3,4,Estable
EMP0000773,773,No,3,4,Estable
EMP0000774,774,No,4,8,Estable
EMP0000775,775,No,1,7,Estable
EMP0000776,776,No,4,0,Estable
EMP0000777,777,Yes,4,2,Estable
EMP0000778,778,No,1,0,Estable
EMP0000779,779,Yes,1,13,Estable
EMP0000780,780,Yes,3,0,Medio
EMP0000781,781,No,1,7,Estable
EMP0000782,782,No,1,3,Estable
EMP0000783,783,No,1,2,Estable
EMP0000784,784,No,3,6,Estable
EMP0000785,785,No,3,9,Estable
EMP0000786,786,No,4,10,Estable
EMP0000787,787,No,3,2,Estable
EMP0000788,788,No,2,2,Estable
EMP0000789,789,No,3,7,Estable
EMP0000790,790,No,1,6,Estable
EMP0000791,791,No,4,2,Estable
EMP0000792,792,Yes,1,7,Estable
EMP0000793,793,No,3,7,Estable
EMP0000794,794,No,3,2,Estable
EMP0000795,795,No,4,2,Estable
EMP0000796,796,Yes,4,0,Estable
EMP0000818,818,No,4,9,Estable
EMP0000797,797,Yes,4,7,Estable
EMP0000798,798,No,3,1,Estable
EMP0000799,799,Yes,2,2,Estable
EMP0000800,800,No,1,6,Estable
EMP0000801,801,No,2,0,Estable
EMP0000802,802,Yes,3,0,Medio
EMP0000803,803,No,2,2,Estable
EMP0000804,804,No,4,0,Estable
EMP0000805,805,No,4,4,Estable
EMP0000806,806,No,3,10,Estable
EMP0000807,807,No,2,6,Estable
EMP0000808,808,Yes,3,7,Medio
EMP0000809,809,No,4,5,Estable
EMP0000810,810,No,2,7,Estable
EMP0000811,811,No,3,9,Estable
EMP0000812,812,No,2,0,Estable
EMP0000813,813,No,1,7,Estable
EMP0000814,814,No,4,7,Estable
EMP0000815,815,No,3,7,Estable
EMP0000816,816,Yes,2,2,Estable
EMP0000817,817,No,2,4,Estable
EMP0000819,819,No,4,2,Estable
EMP0000820,820,No,2,3,Estable
EMP0000821,821,No,4,2,Estable
EMP0000822,822,No,2,8,Estable
EMP0000823,823,No,3,2,Estable
EMP0000824,824,No,2,5,Estable
EMP0000825,825,No,4,0,Estable
EMP0000826,826,Yes,4,7,Estable
EMP0000827,827,No,3,6,Estable
EMP0000828,828,Yes,3,1,Medio
EMP0000829,829,No,3,0,Estable
EMP0000830,830,Yes,1,2,Estable
EMP0000831,831,Yes,4,0,Estable
EMP0000832,832,No,3,2,Estable
EMP0000833,833,No,4,2,Estable
EMP0000834,834,No,3,2,Estable
EMP0000835,835,No,3,5,Estable
EMP0000836,836,No,3,4,Estable
EMP0000837,837,No,1,8,Estable
EMP0000838,838,No,3,7,Estable
EMP0000839,839,Yes,1,9,Estable
EMP0000841,841,No,3,0,Estable
EMP0000842,842,No,2,3,Estable
EMP0000843,843,Yes,4,1,Estable
EMP0000844,844,No,4,7,Estable
EMP0000845,845,No,3,3,Estable
EMP0000846,846,Yes,4,1,Estable
EMP0000847,847,No,2,7,Estable
EMP0000848,848,No,1,9,Estable
EMP0000849,849,No,4,2,Estable
EMP0000850,850,No,3,3,Estable
EMP0000851,851,No,1,0,Estable
EMP0000852,852,No,1,2,Estable
EMP0000853,853,No,4,8,Estable
EMP0000854,854,No,1,1,Estable
EMP0000855,855,Yes,3,2,Medio
EMP0000856,856,No,4,8,Estable
EMP0000857,857,No,3,2,Estable
EMP0000858,858,Yes,3,4,Medio
EMP0000859,859,No,3,7,Estable
EMP0000860,860,Yes,4,4,Estable
EMP0000861,861,Yes,4,0,Estable
EMP0000862,862,No,1,15,Estable
EMP0000863,863,No,3,0,Estable
EMP0000864,864,No,3,4,Estable
EMP0000865,865,No,1,0,Estable
EMP0000866,866,No,1,3,Estable
EMP0000867,867,No,2,0,Estable
EMP0000868,868,No,1,2,Estable
EMP0000869,869,No,1,5,Estable
EMP0000870,870,No,2,2,Estable
EMP0000871,871,Yes,1,7,Estable
EMP0000872,872,No,2,0,Estable
EMP0000873,873,No,3,7,Estable
EMP0000874,874,No,3,7,Estable
EMP0000875,875,No,3,7,Estable
EMP0000876,876,No,4,11,Estable
EMP0000877,877,No,4,1,Estable
EMP0000878,878,No,4,3,Estable
EMP0000879,879,No,1,3,Estable
EMP0000880,880,Yes,4,7,Estable
EMP0000881,881,No,2,2,Estable
EMP0000882,882,Yes,3,7,Medio
EMP0000883,883,Yes,1,7,Estable
EMP0000884,884,No,4,10,Estable
EMP0000885,885,No,2,1,Estable
EMP0000886,886,No,4,3,Estable
EMP0000887,887,Yes,2,9,Estable
EMP0000888,888,Yes,1,0,Crítico
EMP0000889,889,Yes,4,2,Estable
EMP0000890,890,Yes,1,7,Estable
EMP0000891,891,No,3,4,Estable
EMP0000892,892,No,4,5,Estable
EMP0000893,893,Yes,2,1,Crítico
EMP0000894,894,No,4,2,Estable
EMP0000895,895,No,4,9,Estable
EMP0000896,896,Yes,1,5,Estable
EMP0000897,897,No,1,9,Estable
EMP0000898,898,No,4,1,Estable
EMP0000899,899,No,4,7,Estable
EMP0000900,900,No,3,0,Estable
EMP0000901,901,No,2,10,Estable
EMP0000902,902,No,2,0,Estable
EMP0000903,903,No,3,3,Estable
EMP0000904,904,Yes,4,0,Estable
EMP0000905,905,No,4,0,Estable
EMP0000906,906,No,4,7,Estable
EMP0000907,907,No,3,0,Estable
EMP0000908,908,No,2,9,Estable
EMP0000909,909,Yes,3,8,Medio
EMP0000910,910,Yes,4,0,Estable
EMP0000911,911,No,3,0,Estable
EMP0000912,912,Yes,4,0,Estable
EMP0000913,913,Yes,4,5,Estable
EMP0000914,914,Yes,2,10,Estable
EMP0000915,915,Yes,2,9,Estable
EMP0000916,916,No,3,2,Estable
EMP0000917,917,No,2,4,Estable
EMP0000918,918,Yes,1,2,Estable
EMP0000919,919,Yes,2,10,Estable
EMP0000920,920,No,4,7,Estable
EMP0000921,921,No,2,8,Estable
EMP0000922,922,Yes,3,2,Medio
EMP0000923,923,No,1,9,Estable
EMP0000924,924,No,2,9,Estable
EMP0000925,925,Yes,3,2,Medio
EMP0000926,926,Yes,2,0,Crítico
EMP0000927,927,No,4,7,Estable
EMP0000928,928,Yes,2,14,Estable
EMP0000929,929,No,4,7,Estable
EMP0000930,930,Yes,4,2,Estable
EMP0000931,931,No,3,0,Estable
EMP0000932,932,Yes,3,4,Medio
EMP0000933,933,Yes,3,7,Medio
EMP0000934,934,No,1,2,Estable
EMP0000935,935,No,2,2,Estable
EMP0000936,936,No,4,7,Estable
EMP0000937,937,No,2,0,Estable
EMP0000938,938,Yes,2,9,Estable
EMP0000939,939,No,3,2,Estable
EMP0000940,940,No,3,4,Estable
EMP0000941,941,No,1,2,Estable
EMP0000942,942,No,4,2,Estable
EMP0000943,943,No,3,7,Estable
EMP0000944,944,No,1,6,Estable
EMP0000945,945,No,4,8,Estable
EMP0000946,946,Yes,1,2,Estable
EMP0000947,947,Yes,2,4,Estable
EMP0000948,948,Yes,2,7,Estable
EMP0000949,949,Yes,1,1,Crítico
EMP0000950,950,No,3,7,Estable
EMP0000951,951,Yes,3,8,Medio
EMP0000952,952,No,2,2,Estable
EMP0000953,953,Yes,2,2,Estable
EMP0000954,954,No,1,2,Estable
EMP0000955,955,Yes,3,8,Medio
EMP0000956,956,No,3,9,Estable
EMP0000957,957,No,2,3,Estable
EMP0000958,958,No,3,2,Estable
EMP0000959,959,No,4,7,Estable
EMP0000960,960,No,4,8,Estable
EMP0000961,961,No,1,3,Estable
EMP0000962,962,Yes,3,6,Medio
EMP0000963,963,Yes,2,9,Estable
EMP0000964,964,No,1,7,Estable
EMP0000965,965,No,1,8,Estable
EMP0000966,966,No,4,2,Estable
EMP0000967,967,Yes,1,9,Estable
EMP0000968,968,No,2,2,Estable
EMP0000969,969,No,1,7,Estable
EMP0000970,970,No,4,9,Estable
EMP0000971,971,No,4,0,Estable
EMP0000972,972,No,2,2,Estable
EMP0000973,973,No,4,0,Estable
EMP0000974,974,No,4,7,Estable
EMP0000975,975,No,4,2,Estable
EMP0000976,976,Yes,3,7,Medio
EMP0000977,977,Yes,2,16,Estable
EMP0000978,978,No,3,4,Estable
EMP0000979,979,No,3,11,Estable
EMP0000980,980,No,3,7,Estable
EMP0000981,981,No,4,0,Estable
EMP0000982,982,Yes,3,2,Medio
EMP0000983,983,No,3,2,Estable
EMP0000984,984,No,4,11,Estable
EMP0000985,985,No,1,3,Estable
EMP0000986,986,Yes,3,2,Medio
EMP0000987,987,Yes,4,4,Estable
EMP0000988,988,No,2,2,Estable
EMP0000989,989,Yes,4,2,Estable
EMP0000990,990,Yes,3,4,Medio
EMP0000991,991,No,4,4,Estable
EMP0000992,992,Yes,2,2,Estable
EMP0000993,993,No,3,4,Estable
EMP0000994,994,No,3,2,Estable
EMP0000995,995,Yes,3,3,Medio
EMP0000996,996,Yes,3,7,Medio
EMP0000997,997,Yes,4,2,Estable
EMP0000998,998,Yes,3,2,Medio
EMP0000999,999,No,4,3,Estable
EMP0001000,1000,No,1,7,Estable
EMP0001001,1001,No,1,4,Estable
EMP0001002,1002,No,3,2,Estable
EMP0001003,1003,No,4,2,Estable
EMP0001004,1004,No,4,2,Estable
EMP0001005,1005,No,1,7,Estable
EMP0001006,1006,No,1,9,Estable
EMP0001007,1007,No,1,3,Estable
EMP0001008,1008,Yes,4,7,Estable
EMP0001009,1009,No,4,7,Estable
EMP0001010,1010,Yes,1,8,Estable
EMP0001011,1011,No,4,7,Estable
EMP0001012,1012,Yes,2,4,Estable
EMP0001013,1013,No,3,0,Estable
EMP0001014,1014,No,1,2,Estable
EMP0001015,1015,No,2,2,Estable
EMP0001016,1016,No,1,3,Estable
EMP0001017,1017,No,2,0,Estable
EMP0001018,1018,No,1,0,Estable
EMP0001019,1019,No,4,4,Estable
EMP0001020,1020,No,1,2,Estable
EMP0001021,1021,No,4,5,Estable
EMP0001022,1022,No,1,2,Estable
EMP0001023,1023,No,3,5,Estable
EMP0001024,1024,No,1,2,Estable
EMP0001025,1025,No,3,17,Estable
EMP0001026,1026,Yes,3,4,Medio
EMP0001027,1027,No,4,3,Estable
EMP0001028,1028,No,2,4,Estable
EMP0001029,1029,Yes,3,2,Medio
EMP0001030,1030,No,3,7,Estable
EMP0001031,1031,No,4,7,Estable
EMP0001032,1032,No,4,7,Estable
EMP0001033,1033,Yes,1,0,Crítico
EMP0001034,1034,No,2,8,Estable
EMP0001035,1035,Yes,1,7,Estable
EMP0001036,1036,No,2,2,Estable
EMP0001037,1037,Yes,4,2,Estable
EMP0001038,1038,Yes,4,1,Estable
EMP0001039,1039,No,1,2,Estable
EMP0001040,1040,No,3,2,Estable
EMP0001041,1041,No,2,8,Estable
EMP0001042,1042,No,1,4,Estable
EMP0001043,1043,No,3,2,Estable
EMP0001044,1044,No,2,8,Estable
EMP0001045,1045,No,3,2,Estable
EMP0001046,1046,No,3,1,Estable
EMP0001047,1047,No,2,2,Estable
EMP0001048,1048,No,1,3,Estable
EMP0001049,1049,No,1,9,Estable
EMP0001050,1050,No,3,1,Estable
EMP0001051,1051,No,4,9,Estable
EMP0001052,1052,No,3,0,Estable
EMP0001053,1053,No,3,0,Estable
EMP0001054,1054,No,3,9,Estable
EMP0001055,1055,No,2,7,Estable
EMP0001056,1056,No,1,8,Estable
EMP0001057,1057,No,3,2,Estable
EMP0001058,1058,No,2,3,Estable
EMP0001059,1059,Yes,2,9,Estable
EMP0001060,1060,No,3,0,Estable
EMP0001061,1061,Yes,1,0,Crítico
EMP0001062,1062,No,2,0,Estable
EMP0001063,1063,Yes,3,2,Medio
EMP0001064,1064,No,3,7,Estable
EMP0001065,1065,No,3,3,Estable
EMP0001066,1066,Yes,3,2,Medio
EMP0001067,1067,No,2,4,Estable
EMP0001068,1068,Yes,3,4,Medio
EMP0001069,1069,No,1,0,Estable
EMP0001070,1070,No,3,0,Estable
EMP0001071,1071,No,1,2,Estable
EMP0001072,1072,No,1,2,Estable
EMP0001073,1073,No,2,2,Estable
EMP0001074,1074,No,2,6,Estable
EMP0001075,1075,Yes,3,0,Medio
EMP0001076,1076,No,4,2,Estable
EMP0001077,1077,No,4,9,Estable
EMP0001078,1078,No,1,7,Estable
EMP0001079,1079,No,1,6,Estable
EMP0001080,1080,No,2,0,Estable
EMP0001081,1081,No,2,12,Estable
EMP0001082,1082,No,2,8,Estable
EMP0001083,1083,No,3,3,Estable
EMP0001084,1084,No,1,4,Estable
EMP0001085,1085,Yes,3,9,Medio
EMP0001086,1086,No,3,2,Estable
EMP0001087,1087,Yes,4,6,Estable
EMP0001088,1088,Yes,3,10,Medio
EMP0001089,1089,No,2,0,Estable
EMP0001090,1090,No,4,8,Estable
EMP0001091,1091,No,1,7,Estable
EMP0001092,1092,No,2,3,Estable
EMP0001093,1093,No,4,4,Estable
EMP0001094,1094,Yes,4,8,Estable
EMP0001095,1095,No,1,4,Estable
EMP0001096,1096,Yes,3,14,Medio
EMP0001097,1097,Yes,4,7,Estable
EMP0001098,1098,No,1,1,Estable
EMP0001099,1099,Yes,4,2,Estable
EMP0001100,1100,No,2,8,Estable
EMP0001101,1101,No,3,3,Estable
EMP0001102,1102,No,2,1,Estable
EMP0001103,1103,Yes,4,2,Estable
EMP0001104,1104,No,3,7,Estable
EMP0001105,1105,No,3,0,Estable
EMP0001106,1106,No,1,2,Estable
EMP0001107,1107,No,1,8,Estable
EMP0001108,1108,No,3,3,Estable
EMP0001109,1109,No,1,0,Estable
EMP0001110,1110,No,2,2,Estable
EMP0001111,1111,Yes,1,0,Crítico
EMP0001112,1112,No,4,7,Estable
EMP0001113,1113,No,2,2,Estable
EMP0001114,1114,No,1,5,Estable
EMP0001115,1115,No,1,2,Estable
EMP0001116,1116,No,4,0,Estable
EMP0001117,1117,No,4,6,Estable
EMP0001118,1118,No,4,2,Estable
EMP0001119,1119,No,4,0,Estable
EMP0001120,1120,No,2,8,Estable
EMP0001121,1121,No,2,2,Estable
EMP0001122,1122,No,3,0,Estable
EMP0001123,1123,Yes,1,9,Estable
EMP0001124,1124,Yes,3,2,Medio
EMP0001125,1125,No,3,6,Estable
EMP0001126,1126,No,4,4,Estable
EMP0001127,1127,Yes,3,0,Medio
EMP0001128,1128,No,3,2,Estable
EMP0001129,1129,Yes,1,2,Estable
EMP0001130,1130,No,4,0,Estable
EMP0001131,1131,No,3,9,Estable
EMP0001132,1132,No,3,2,Estable
EMP0001133,1133,No,1,4,Estable
EMP0001134,1134,No,2,4,Estable
EMP0001135,1135,No,4,0,Estable
EMP0001136,1136,No,1,0,Estable
EMP0001137,1137,Yes,2,1,Crítico
EMP0001138,1138,Yes,3,2,Medio
EMP0001139,1139,Yes,3,8,Medio
EMP0001140,1140,No,4,2,Estable
EMP0001141,1141,Yes,4,7,Estable
EMP0001142,1142,No,2,4,Estable
EMP0001143,1143,Yes,1,7,Estable
EMP0001144,1144,No,1,7,Estable
EMP0001145,1145,No,1,2,Estable
EMP0001146,1146,Yes,3,2,Medio
EMP0001147,1147,No,4,7,Estable
EMP0001148,1148,No,1,6,Estable
EMP0001149,1149,No,1,7,Estable
EMP0001150,1150,No,1,7,Estable
EMP0001151,1151,No,1,15,Estable
EMP0001152,1152,No,1,3,Estable
EMP0001153,1153,No,4,2,Estable
EMP0001154,1154,Yes,4,0,Estable
EMP0001155,1155,No,3,2,Estable
EMP0001156,1156,No,3,8,Estable
EMP0001157,1157,No,3,15,Estable
EMP0001158,1158,No,3,11,Estable
EMP0001159,1159,No,3,3,Estable
EMP0001160,1160,No,3,2,Estable
EMP0001161,1161,No,4,7,Estable
EMP0001162,1162,Yes,3,4,Medio
EMP0001163,1163,No,1,12,Estable
EMP0001164,1164,No,2,4,Estable
EMP0001165,1165,Yes,4,2,Estable
EMP0001166,1166,Yes,4,7,Estable
EMP0001167,1167,No,4,2,Estable
EMP0001168,1168,Yes,4,2,Estable
EMP0001169,1169,Yes,4,3,Estable
EMP0001170,1170,No,3,2,Estable
EMP0001171,1171,No,4,2,Estable
EMP0001172,1172,Yes,1,2,Estable
EMP0001173,1173,No,3,2,Estable
EMP0001174,1174,No,1,2,Estable
EMP0001175,1175,No,3,7,Estable
EMP0001176,1176,No,2,4,Estable
EMP0001177,1177,No,2,2,Estable
EMP0001178,1178,No,1,11,Estable
EMP0001179,1179,No,3,2,Estable
EMP0001180,1180,No,2,8,Estable
EMP0001181,1181,No,2,3,Estable
EMP0001182,1182,Yes,3,11,Medio
EMP0001183,1183,No,3,2,Estable
EMP0001184,1184,No,1,4,Estable
EMP0001185,1185,No,3,8,Estable
EMP0001186,1186,No,3,10,Estable
EMP0001187,1187,Yes,4,9,Estable
EMP0001188,1188,No,4,11,Estable
EMP0001189,1189,Yes,2,0,Crítico
EMP0001190,1190,No,4,2,Estable
EMP0001191,1191,No,2,5,Estable
EMP0001192,1192,No,4,0,Estable
EMP0001193,1193,Yes,1,2,Estable
EMP0001194,1194,No,2,3,Estable
EMP0001195,1195,No,2,2,Estable
EMP0001196,1196,No,3,7,Estable
EMP0001197,1197,Yes,3,0,Medio
EMP0001198,1198,No,1,2,Estable
EMP0001199,1199,Yes,4,5,Estable
EMP0001200,1200,No,3,2,Estable
EMP0001201,1201,Yes,4,2,Estable
EMP0001202,1202,Yes,3,4,Medio
EMP0001203,1203,No,3,0,Estable
EMP0001204,1204,No,4,3,Estable
EMP0001205,1205,Yes,3,7,Medio
EMP0001206,1206,No,2,0,Estable
EMP0001207,1207,No,4,7,Estable
EMP0001208,1208,No,2,2,Estable
EMP0001209,1209,No,4,10,Estable
EMP0001210,1210,No,4,0,Estable
EMP0001211,1211,No,2,11,Estable
EMP0001212,1212,No,4,3,Estable
EMP0001213,1213,No,4,9,Estable
EMP0001214,1214,Yes,4,2,Estable
EMP0001215,1215,Yes,4,7,Estable
EMP0001216,1216,Yes,4,4,Estable
EMP0001217,1217,Yes,4,9,Estable
EMP0001218,1218,No,3,3,Estable
EMP0001219,1219,No,3,8,Estable
EMP0001220,1220,No,3,3,Estable
EMP0001221,1221,No,4,7,Estable
EMP0001222,1222,No,3,15,Estable
EMP0001223,1223,No,3,0,Estable
EMP0001224,1224,No,3,5,Estable
EMP0001225,1225,No,3,2,Estable
EMP0001226,1226,No,2,6,Estable
EMP0001227,1227,No,3,2,Estable
EMP0001228,1228,No,3,2,Estable
EMP0001229,1229,No,2,2,Estable
EMP0001230,1230,Yes,1,0,Crítico
EMP0001231,1231,No,1,2,Estable
EMP0001232,1232,No,2,7,Estable
EMP0001233,1233,No,3,7,Estable
EMP0001234,1234,No,4,0,Estable
EMP0001235,1235,No,2,0,Estable
EMP0001236,1236,Yes,4,6,Estable
EMP0001237,1237,Yes,1,2,Estable
EMP0001238,1238,No,2,0,Estable
EMP0001239,1239,No,2,2,Estable
EMP0001240,1240,No,4,4,Estable
EMP0001241,1241,Yes,4,8,Estable
EMP0001242,1242,No,3,3,Estable
EMP0001243,1243,No,2,8,Estable
EMP0001244,1244,No,3,0,Estable
EMP0001245,1245,No,1,7,Estable
EMP0001246,1246,No,4,2,Estable
EMP0001247,1247,No,4,2,Estable
EMP0001248,1248,No,3,2,Estable
EMP0001249,1249,No,4,2,Estable
EMP0001250,1250,No,2,2,Estable
EMP0001251,1251,Yes,3,2,Medio
EMP0001252,1252,No,1,7,Estable
EMP0001253,1253,Yes,4,0,Estable
EMP0001254,1254,No,2,7,Estable
EMP0001255,1255,No,4,1,Estable
EMP0001256,1256,Yes,1,0,Crítico
EMP0001257,1257,No,2,1,Estable
EMP0001258,1258,No,3,0,Estable
EMP0001259,1259,No,1,0,Estable
EMP0001260,1260,No,3,0,Estable
EMP0001261,1261,No,2,7,Estable
EMP0001262,1262,Yes,4,0,Estable
EMP0001263,1263,Yes,3,0,Medio
EMP0001264,1264,No,2,3,Estable
EMP0001265,1265,No,1,0,Estable
EMP0001266,1266,No,2,8,Estable
EMP0001267,1267,No,1,3,Estable
EMP0001268,1268,Yes,3,14,Medio
EMP0001269,1269,Yes,3,2,Medio
EMP0001270,1270,No,4,7,Estable
EMP0001271,1271,No,4,2,Estable
EMP0001272,1272,No,2,0,Estable
EMP0001273,1273,No,3,4,Estable
EMP0001274,1274,Yes,1,0,Crítico
EMP0001275,1275,No,4,7,Estable
EMP0001276,1276,No,3,2,Estable
EMP0001277,1277,No,2,2,Estable
EMP0001278,1278,Yes,4,1,Estable
EMP0001279,1279,Yes,1,8,Estable
EMP0001280,1280,Yes,2,3,Estable
EMP0001281,1281,No,2,0,Estable
EMP0001282,1282,Yes,4,7,Estable
EMP0001283,1283,No,1,8,Estable
EMP0001284,1284,No,4,3,Estable
EMP0001285,1285,No,3,3,Estable
EMP0001286,1286,No,2,2,Estable
EMP0001287,1287,No,1,3,Estable
EMP0001288,1288,No,1,0,Estable
EMP0001289,1289,No,4,7,Estable
EMP0001290,1290,No,2,10,Estable
EMP0001291,1291,No,1,1,Estable
EMP0001292,1292,No,1,3,Estable
EMP0001293,1293,No,4,1,Estable
EMP0001294,1294,No,3,2,Estable
EMP0001295,1295,No,2,2,Estable
EMP0001296,1296,Yes,3,14,Medio
EMP0001297,1297,No,3,7,Estable
EMP0001298,1298,Yes,2,1,Crítico
EMP0001299,1299,No,2,7,Estable
EMP0001300,1300,No,4,3,Estable
EMP0001301,1301,No,3,8,Estable
EMP0001302,1302,No,2,9,Estable
EMP0001303,1303,No,3,4,Estable
EMP0001304,1304,Yes,2,11,Estable
EMP0001305,1305,No,1,4,Estable
EMP0001306,1306,No,4,1,Estable
EMP0001307,1307,No,1,2,Estable
EMP0001308,1308,No,1,2,Estable
EMP0001309,1309,Yes,4,2,Estable
EMP0001310,1310,No,4,3,Estable
EMP0001311,1311,Yes,3,2,Medio
EMP0001312,1312,No,3,0,Estable
EMP0001313,1313,No,1,0,Estable
EMP0001314,1314,Yes,1,2,Estable
EMP0001315,1315,No,3,7,Estable
EMP0001316,1316,Yes,2,0,Crítico
EMP0001317,1317,No,4,7,Estable
EMP0001318,1318,Yes,4,4,Estable
EMP0001319,1319,No,4,8,Estable
EMP0001320,1320,No,4,0,Estable
EMP0001321,1321,No,3,3,Estable
EMP0001322,1322,No,3,2,Estable
EMP0001323,1323,No,4,8,Estable
EMP0001324,1324,No,4,2,Estable
EMP0001325,1325,No,3,0,Estable
EMP0001326,1326,No,3,0,Estable
EMP0001327,1327,Yes,2,2,Estable
EMP0001328,1328,No,1,17,Estable
EMP0001329,1329,No,3,8,Estable
EMP0001330,1330,No,2,0,Estable
EMP0001331,1331,No,3,12,Estable
EMP0001332,1332,No,2,10,Estable
EMP0001333,1333,Yes,4,0,Estable
EMP0001334,1334,No,2,7,Estable
EMP0001335,1335,No,1,6,Estable
EMP0001336,1336,No,4,2,Estable
EMP0001337,1337,No,4,2,Estable
EMP0001338,1338,No,2,0,Estable
EMP0001339,1339,No,4,0,Estable
EMP0001340,1340,Yes,2,0,Crítico
EMP0001341,1341,Yes,3,9,Medio
EMP0001342,1342,No,3,8,Estable
EMP0001343,1343,Yes,4,3,Estable
EMP0001344,1344,No,1,2,Estable
EMP0001345,1345,Yes,1,3,Estable
EMP0001346,1346,Yes,2,2,Estable
EMP0001347,1347,No,4,8,Estable
EMP0001348,1348,No,4,1,Estable
EMP0001349,1349,No,1,7,Estable
EMP0001350,1350,Yes,3,0,Medio
EMP0001351,1351,No,3,7,Estable
EMP0001352,1352,No,4,17,Estable
EMP0001353,1353,No,1,0,Estable
EMP0001354,1354,Yes,1,2,Estable
EMP0001355,1355,No,4,2,Estable
EMP0001356,1356,No,2,2,Estable
EMP0001357,1357,No,2,4,Estable
EMP0001358,1358,No,1,7,Estable
EMP0001359,1359,Yes,4,2,Estable
EMP0001360,1360,Yes,4,2,Estable
EMP0001361,1361,No,3,2,Estable
EMP0001362,1362,No,4,7,Estable
EMP0001363,1363,No,3,2,Estable
EMP0001364,1364,No,3,4,Estable
EMP0001365,1365,Yes,4,7,Estable
EMP0001366,1366,No,1,0,Estable
EMP0001367,1367,No,3,2,Estable
EMP0001368,1368,No,2,3,Estable
EMP0001369,1369,Yes,4,10,Estable
EMP0001370,1370,Yes,3,0,Medio
EMP0001371,1371,No,2,7,Estable
EMP0001372,1372,No,1,0,Estable
EMP0001373,1373,No,1,0,Estable
EMP0001374,1374,Yes,2,11,Estable
EMP0001375,1375,Yes,4,0,Estable
EMP0001376,1376,Yes,3,1,Medio
EMP0001377,1377,No,4,2,Estable
EMP0001378,1378,No,4,4,Estable
EMP0001379,1379,Yes,4,0,Estable
EMP0001380,1380,No,2,0,Estable
EMP0001381,1381,No,1,3,Estable
EMP0001382,1382,No,3,3,Estable
EMP0001383,1383,Yes,1,2,Estable
EMP0001384,1384,No,2,4,Estable
EMP0001385,1385,No,4,8,Estable
EMP0001386,1386,No,3,7,Estable
EMP0001387,1387,No,1,7,Estable
EMP0001388,1388,No,1,3,Estable
EMP0001389,1389,No,4,1,Estable
EMP0001390,1390,No,1,8,Estable
EMP0001391,1391,No,4,1,Estable
EMP0001392,1392,No,1,0,Estable
EMP0001393,1393,Yes,4,8,Estable
EMP0001394,1394,No,4,7,Estable
EMP0001395,1395,No,4,0,Estable
EMP0001396,1396,Yes,4,7,Estable
EMP0001397,1397,Yes,1,2,Estable
EMP0001398,1398,No,3,3,Estable
EMP0001399,1399,No,3,7,Estable
EMP0001400,1400,No,3,9,Estable
EMP0001401,1401,Yes,2,2,Estable
EMP0001402,1402,Yes,2,9,Estable
EMP0001403,1403,Yes,4,0,Estable
EMP0001404,1404,No,1,8,Estable
EMP0001405,1405,No,3,9,Estable
EMP0001406,1406,No,3,7,Estable
EMP0001407,1407,Yes,1,2,Estable
EMP0001408,1408,No,3,3,Estable
EMP0001409,1409,No,4,2,Estable
EMP0001410,1410,No,3,9,Estable
EMP0001411,1411,No,2,8,Estable
EMP0001412,1412,No,2,0,Estable
EMP0001413,1413,No,2,8,Estable
EMP0001414,1414,Yes,3,2,Medio
EMP0001415,1415,No,3,14,Estable
EMP0001416,1416,No,3,1,Estable
EMP0001417,1417,No,2,13,Estable
EMP0001418,1418,No,3,2,Estable
EMP0001419,1419,No,3,3,Estable
EMP0001420,1420,Yes,1,3,Estable
EMP0001421,1421,No,4,3,Estable
EMP0001422,1422,No,2,8,Estable
EMP0001423,1423,Yes,3,2,Medio
EMP0001424,1424,No,3,2,Estable
EMP0001425,1425,No,3,7,Estable
EMP0001426,1426,Yes,4,7,Estable
EMP0001427,1427,No,2,2,Estable
EMP0001428,1428,No,4,0,Estable
EMP0001429,1429,No,2,2,Estable
EMP0001430,1430,No,4,7,Estable
EMP0001431,1431,No,3,16,Estable
EMP0001432,1432,No,4,10,Estable
EMP0001433,1433,Yes,4,11,Estable
EMP0001434,1434,Yes,3,3,Medio
EMP0001435,1435,No,4,8,Estable
EMP0001436,1436,Yes,4,3,Estable
EMP0001437,1437,Yes,1,2,Estable
EMP0001438,1438,No,4,0,Estable
EMP0001439,1439,No,1,0,Estable
EMP0001440,1440,No,4,7,Estable
EMP0001441,1441,No,2,2,Estable
EMP0001442,1442,No,3,12,Estable
EMP0001443,1443,Yes,4,2,Estable
EMP0001444,1444,No,3,6,Estable
EMP0001445,1445,No,3,9,Estable
EMP0001446,1446,No,2,7,Estable
EMP0001447,1447,No,3,7,Estable
EMP0001448,1448,No,4,12,Estable
EMP0001449,1449,No,2,4,Estable
EMP0001450,1450,No,1,2,Estable
EMP0001451,1451,Yes,4,0,Estable
EMP0001452,1452,No,4,7,Estable
EMP0001453,1453,No,3,3,Estable
EMP0001454,1454,No,4,3,Estable
EMP0001455,1455,No,3,3,Estable
EMP0001456,1456,No,3,2,Estable
EMP0001457,1457,Yes,3,2,Medio
EMP0001458,1458,No,3,3,Estable
EMP0001459,1459,No,4,3,Estable
EMP0001460,1460,Yes,2,3,Estable
EMP0001461,1461,No,1,4,Estable
EMP0001462,1462,Yes,1,2,Estable
EMP0001463,1463,No,4,9,Estable
EMP0001464,1464,No,1,4,Estable
EMP0001465,1465,No,3,2,Estable
EMP0001466,1466,No,4,2,Estable
EMP0001467,1467,No,1,7,Estable
EMP0001468,1468,Yes,2,2,Estable
EMP0001469,1469,No,2,6,Estable
EMP0001470,1470,No,3,3,Estable
EMP0001471,1471,No,2,0,Estable
EMP0001472,1472,Yes,2,0,Crítico
EMP0001473,1473,No,1,0,Estable
EMP0001474,1474,Yes,4,5,Estable
EMP0001475,1475,No,4,24,Estable
EMP0001476,1476,Yes,3,0,Medio
EMP0001477,1477,Yes,4,5,Estable
EMP0001478,1478,No,2,3,Estable
EMP0001479,1479,Yes,4,0,Estable
EMP0001480,1480,Yes,3,1,Medio
EMP0001481,1481,Yes,1,4,Estable
EMP0001482,1482,No,4,1,Estable
EMP0001483,1483,Yes,3,23,Medio
EMP0001484,1484,No,1,2,Estable
EMP0001485,1485,No,2,0,Estable
EMP0001486,1486,Yes,1,3,Estable
EMP0001487,1487,Yes,1,5,Estable
EMP0001488,1488,Yes,2,0,Crítico
EMP0001489,1489,Yes,4,4,Estable
EMP0001490,1490,No,1,1,Estable
EMP0001491,1491,No,4,0,Estable
EMP0001492,1492,Yes,3,0,Medio
EMP0001493,1493,No,3,15,Estable
EMP0001494,1494,No,2,22,Estable
EMP0001495,1495,Yes,1,2,Estable
EMP0001496,1496,No,1,3,Estable
EMP0001497,1497,No,2,1,Estable
EMP0001498,1498,No,4,4,Estable
EMP0001499,1499,No,3,4,Estable
EMP0001500,1500,Yes,3,0,Medio
EMP0001501,1501,No,3,4,Estable
EMP0001502,1502,Yes,4,0,Estable
EMP0001503,1503,No,2,2,Estable
EMP0001504,1504,Yes,4,5,Estable
EMP0001505,1505,Yes,3,1,Medio
EMP0001506,1506,No,1,0,Estable
EMP0001507,1507,Yes,4,1,Estable
EMP0001508,1508,Yes,1,0,Crítico
EMP0001509,1509,Yes,1,0,Crítico
EMP0001510,1510,Yes,2,0,Crítico
EMP0001511,1511,Yes,4,0,Estable
EMP0001512,1512,No,3,1,Estable
EMP0001513,1513,Yes,4,3,Estable
EMP0001514,1514,Yes,1,0,Crítico
EMP0001515,1515,Yes,1,10,Estable
EMP0001516,1516,No,3,4,Estable
EMP0001517,1517,No,1,0,Estable
EMP0001518,1518,Yes,2,1,Crítico
EMP0001519,1519,Yes,2,0,Crítico
EMP0001520,1520,No,1,0,Estable
EMP0001521,1521,No,1,1,Estable
EMP0001522,1522,Yes,2,3,Estable
EMP0001523,1523,Yes,2,0,Crítico
EMP0001524,1524,No,4,1,Estable
EMP0001525,1525,No,3,1,Estable
EMP0001526,1526,No,2,0,Estable
EMP0001527,1527,No,2,5,Estable
EMP0001528,1528,No,3,0,Estable
EMP0001529,1529,Yes,1,1,Crítico
EMP0001530,1530,No,4,3,Estable
EMP0001531,1531,No,2,0,Estable
EMP0001532,1532,No,2,10,Estable
EMP0001533,1533,No,4,2,Estable
EMP0001534,1534,No,1,4,Estable
EMP0001535,1535,Yes,3,4,Medio
EMP0001536,1536,No,3,5,Estable
EMP0001537,1537,Yes,2,4,Estable
EMP0001538,1538,No,2,1,Estable
EMP0001539,1539,Yes,4,2,Estable
EMP0001540,1540,No,3,6,Estable
EMP0001541,1541,No,3,5,Estable
EMP0001542,1542,Yes,1,1,Crítico
EMP0001543,1543,No,1,1,Estable
EMP0001544,1544,No,3,5,Estable
EMP0001545,1545,Yes,2,10,Estable
EMP0001546,1546,Yes,4,1,Estable
EMP0001547,1547,Yes,2,0,Crítico
EMP0001548,1548,No,1,2,Estable
EMP0001549,1549,Yes,2,2,Estable
EMP0001550,1550,No,3,3,Estable
EMP0001551,1551,No,4,6,Estable
EMP0001552,1552,No,3,1,Estable
EMP0001553,1553,No,4,9,Estable
EMP0001554,1554,Yes,2,2,Estable
EMP0001555,1555,No,1,0,Estable
EMP0001641,1641,No,1,2,Estable
EMP0001556,1556,No,3,7,Estable
EMP0001557,1557,No,2,9,Estable
EMP0001558,1558,No,3,11,Estable
EMP0001559,1559,No,4,1,Estable
EMP0001560,1560,No,1,0,Estable
EMP0001561,1561,No,3,0,Estable
EMP0001562,1562,Yes,3,2,Medio
EMP0001563,1563,No,1,1,Estable
EMP0001564,1564,No,1,1,Estable
EMP0001565,1565,Yes,1,4,Estable
EMP0001566,1566,No,4,2,Estable
EMP0001567,1567,No,2,0,Estable
EMP0001568,1568,Yes,3,1,Medio
EMP0001569,1569,No,1,0,Estable
EMP0001570,1570,Yes,1,0,Crítico
EMP0001571,1571,No,4,1,Estable
EMP0001572,1572,Yes,4,6,Estable
EMP0001573,1573,Yes,3,5,Medio
EMP0001574,1574,No,2,0,Estable
EMP0001575,1575,Yes,3,5,Medio
EMP0001576,1576,No,4,5,Estable
EMP0001577,1577,Yes,1,0,Crítico
EMP0001578,1578,Yes,2,0,Crítico
EMP0001579,1579,Yes,1,6,Estable
EMP0001580,1580,No,1,4,Estable
EMP0001581,1581,Yes,4,0,Estable
EMP0001582,1582,Yes,4,0,Estable
EMP0001583,1583,Yes,4,2,Estable
EMP0001584,1584,Yes,3,1,Medio
EMP0001585,1585,No,1,0,Estable
EMP0001586,1586,No,4,0,Estable
EMP0001587,1587,Yes,1,4,Estable
EMP0001588,1588,No,4,0,Estable
EMP0001589,1589,No,4,0,Estable
EMP0001590,1590,Yes,1,1,Crítico
EMP0001591,1591,Yes,2,1,Crítico
EMP0001592,1592,No,3,2,Estable
EMP0001593,1593,Yes,2,0,Crítico
EMP0001594,1594,No,3,1,Estable
EMP0001595,1595,No,4,1,Estable
EMP0001596,1596,Yes,4,2,Estable
EMP0001597,1597,No,1,4,Estable
EMP0001598,1598,Yes,3,0,Medio
EMP0001599,1599,Yes,3,4,Medio
EMP0001600,1600,No,2,1,Estable
EMP0001601,1601,No,4,0,Estable
EMP0001602,1602,No,1,3,Estable
EMP0001603,1603,Yes,4,3,Estable
EMP0001604,1604,Yes,1,2,Estable
EMP0001605,1605,No,2,4,Estable
EMP0001606,1606,No,1,5,Estable
EMP0001607,1607,Yes,2,0,Crítico
EMP0001608,1608,No,3,2,Estable
EMP0001609,1609,No,1,5,Estable
EMP0001610,1610,No,4,7,Estable
EMP0001611,1611,No,1,9,Estable
EMP0001612,1612,Yes,2,1,Crítico
EMP0001613,1613,No,3,1,Estable
EMP0001614,1614,No,3,0,Estable
EMP0001615,1615,No,2,9,Estable
EMP0001616,1616,No,1,1,Estable
EMP0001617,1617,No,1,3,Estable
EMP0001618,1618,Yes,2,0,Crítico
EMP0001619,1619,Yes,2,10,Estable
EMP0001749,1749,No,3,1,Estable
EMP0001620,1620,No,3,2,Estable
EMP0001621,1621,No,2,0,Estable
EMP0001622,1622,Yes,1,0,Crítico
EMP0001623,1623,Yes,3,0,Medio
EMP0001624,1624,No,3,0,Estable
EMP0001625,1625,Yes,4,4,Estable
EMP0001626,1626,No,1,1,Estable
EMP0001627,1627,No,3,2,Estable
EMP0001628,1628,Yes,3,0,Medio
EMP0001629,1629,Yes,3,2,Medio
EMP0001630,1630,Yes,1,0,Crítico
EMP0001631,1631,Yes,2,11,Estable
EMP0001632,1632,No,2,3,Estable
EMP0001633,1633,No,4,0,Estable
EMP0001634,1634,No,4,2,Estable
EMP0001635,1635,Yes,3,3,Medio
EMP0001636,1636,Yes,1,2,Estable
EMP0001637,1637,Yes,1,0,Crítico
EMP0001638,1638,Yes,4,4,Estable
EMP0001639,1639,No,4,0,Estable
EMP0001640,1640,Yes,1,0,Crítico
EMP0001642,1642,Yes,4,4,Estable
EMP0001643,1643,Yes,1,0,Crítico
EMP0001644,1644,No,4,2,Estable
EMP0001645,1645,Yes,1,8,Estable
EMP0001646,1646,No,1,0,Estable
EMP0001647,1647,Yes,2,1,Crítico
EMP0001648,1648,No,3,5,Estable
EMP0001649,1649,Yes,4,0,Estable
EMP0001650,1650,Yes,3,7,Medio
EMP0001651,1651,Yes,2,1,Crítico
EMP0001652,1652,No,3,9,Estable
EMP0001653,1653,No,1,2,Estable
EMP0001654,1654,No,4,0,Estable
EMP0001655,1655,No,4,0,Estable
EMP0001656,1656,Yes,2,4,Estable
EMP0001657,1657,Yes,1,0,Crítico
EMP0001658,1658,No,2,7,Estable
EMP0001659,1659,No,1,4,Estable
EMP0001660,1660,No,2,0,Estable
EMP0001661,1661,Yes,2,0,Crítico
EMP0001662,1662,No,3,0,Estable
EMP0001858,1858,Yes,1,2,Estable
EMP0001663,1663,Yes,4,2,Estable
EMP0001664,1664,Yes,2,3,Estable
EMP0001665,1665,No,4,1,Estable
EMP0001666,1666,No,1,0,Estable
EMP0001667,1667,No,2,4,Estable
EMP0001668,1668,No,2,0,Estable
EMP0001669,1669,Yes,1,1,Crítico
EMP0001670,1670,Yes,3,1,Medio
EMP0001671,1671,No,1,1,Estable
EMP0001672,1672,Yes,2,0,Crítico
EMP0001673,1673,Yes,1,0,Crítico
EMP0001674,1674,Yes,3,6,Medio
EMP0001675,1675,Yes,3,5,Medio
EMP0001676,1676,No,2,11,Estable
EMP0001677,1677,No,1,0,Estable
EMP0001678,1678,No,3,5,Estable
EMP0001679,1679,No,1,3,Estable
EMP0001680,1680,Yes,4,0,Estable
EMP0001681,1681,Yes,3,5,Medio
EMP0001682,1682,Yes,4,0,Estable
EMP0001683,1683,Yes,4,12,Estable
EMP0001684,1684,No,3,0,Estable
EMP0001685,1685,Yes,1,6,Estable
EMP0001686,1686,No,3,2,Estable
EMP0001687,1687,No,4,0,Estable
EMP0001688,1688,No,2,1,Estable
EMP0001689,1689,Yes,2,0,Crítico
EMP0001690,1690,Yes,1,0,Crítico
EMP0001691,1691,Yes,3,3,Medio
EMP0001692,1692,No,3,7,Estable
EMP0001693,1693,No,2,0,Estable
EMP0001694,1694,Yes,1,0,Crítico
EMP0001695,1695,No,2,5,Estable
EMP0001696,1696,No,2,7,Estable
EMP0001697,1697,No,1,2,Estable
EMP0001698,1698,No,4,1,Estable
EMP0001699,1699,Yes,4,28,Estable
EMP0001700,1700,Yes,1,3,Estable
EMP0001701,1701,No,4,4,Estable
EMP0001702,1702,No,4,11,Estable
EMP0001703,1703,Yes,1,1,Crítico
EMP0001704,1704,No,2,0,Estable
EMP0001705,1705,Yes,1,1,Crítico
EMP0001706,1706,Yes,2,5,Estable
EMP0001707,1707,Yes,4,8,Estable
EMP0001708,1708,Yes,3,0,Medio
EMP0001709,1709,No,3,0,Estable
EMP0001710,1710,Yes,3,4,Medio
EMP0001711,1711,Yes,4,0,Estable
EMP0001712,1712,Yes,3,3,Medio
EMP0001713,1713,Yes,1,15,Estable
EMP0001714,1714,No,1,3,Estable
EMP0001715,1715,No,2,3,Estable
EMP0001716,1716,No,3,4,Estable
EMP0001717,1717,Yes,3,7,Medio
EMP0001718,1718,Yes,3,1,Medio
EMP0001719,1719,Yes,2,3,Estable
EMP0001720,1720,Yes,3,0,Medio
EMP0001721,1721,No,1,0,Estable
EMP0001722,1722,No,1,2,Estable
EMP0001723,1723,Yes,3,1,Medio
EMP0001724,1724,No,4,0,Estable
EMP0001725,1725,No,3,4,Estable
EMP0001726,1726,Yes,1,6,Estable
EMP0001925,1925,No,4,0,Estable
EMP0001727,1727,No,2,3,Estable
EMP0001728,1728,No,3,1,Estable
EMP0001729,1729,No,4,1,Estable
EMP0001730,1730,Yes,2,1,Crítico
EMP0001731,1731,No,3,0,Estable
EMP0001732,1732,No,4,1,Estable
EMP0001733,1733,No,3,0,Estable
EMP0001734,1734,Yes,1,0,Crítico
EMP0001735,1735,Yes,2,0,Crítico
EMP0001736,1736,Yes,1,0,Crítico
EMP0001737,1737,Yes,2,4,Estable
EMP0001738,1738,Yes,2,0,Crítico
EMP0001739,1739,Yes,1,0,Crítico
EMP0001740,1740,Yes,1,2,Estable
EMP0001741,1741,No,4,4,Estable
EMP0001742,1742,No,2,1,Estable
EMP0001743,1743,Yes,1,0,Crítico
EMP0001744,1744,Yes,4,3,Estable
EMP0001745,1745,No,2,1,Estable
EMP0001746,1746,Yes,4,11,Estable
EMP0001747,1747,Yes,1,1,Crítico
EMP0001748,1748,No,2,2,Estable
EMP0001750,1750,Yes,4,2,Estable
EMP0001751,1751,Yes,1,0,Crítico
EMP0001752,1752,No,1,1,Estable
EMP0001753,1753,No,4,7,Estable
EMP0001754,1754,No,2,5,Estable
EMP0001755,1755,No,4,2,Estable
EMP0001756,1756,Yes,4,8,Estable
EMP0001757,1757,Yes,1,2,Estable
EMP0001758,1758,Yes,3,7,Medio
EMP0001759,1759,No,2,2,Estable
EMP0001760,1760,Yes,2,5,Estable
EMP0001761,1761,No,4,4,Estable
EMP0001762,1762,Yes,4,7,Estable
EMP0001763,1763,Yes,1,5,Estable
EMP0001764,1764,No,3,0,Estable
EMP0001765,1765,No,2,1,Estable
EMP0001766,1766,Yes,4,1,Estable
EMP0001767,1767,Yes,1,1,Crítico
EMP0001768,1768,No,4,2,Estable
EMP0001769,1769,Yes,1,2,Estable
EMP0001770,1770,No,4,3,Estable
EMP0001771,1771,Yes,4,15,Estable
EMP0001772,1772,No,2,2,Estable
EMP0001773,1773,No,2,9,Estable
EMP0001774,1774,No,1,5,Estable
EMP0001775,1775,Yes,4,1,Estable
EMP0001776,1776,Yes,4,4,Estable
EMP0001777,1777,Yes,2,7,Estable
EMP0001778,1778,No,2,2,Estable
EMP0001779,1779,No,3,2,Estable
EMP0001780,1780,Yes,2,17,Estable
EMP0001781,1781,No,2,1,Estable
EMP0001782,1782,Yes,4,6,Estable
EMP0001783,1783,No,1,8,Estable
EMP0001784,1784,No,4,4,Estable
EMP0001785,1785,No,1,0,Estable
EMP0001786,1786,Yes,3,1,Medio
EMP0001787,1787,Yes,2,3,Estable
EMP0001788,1788,Yes,4,4,Estable
EMP0001789,1789,Yes,4,1,Estable
EMP0001790,1790,No,1,2,Estable
EMP0001791,1791,Yes,2,2,Estable
EMP0001792,1792,Yes,2,8,Estable
EMP0001793,1793,No,2,1,Estable
EMP0001794,1794,Yes,1,1,Crítico
EMP0001795,1795,Yes,1,8,Estable
EMP0001796,1796,Yes,4,3,Estable
EMP0001797,1797,Yes,3,0,Medio
EMP0001798,1798,Yes,3,1,Medio
EMP0001799,1799,No,1,2,Estable
EMP0001800,1800,No,2,0,Estable
EMP0001801,1801,No,4,3,Estable
EMP0001802,1802,Yes,2,0,Crítico
EMP0001803,1803,No,2,0,Estable
EMP0001804,1804,No,1,0,Estable
EMP0001805,1805,No,2,4,Estable
EMP0001806,1806,Yes,1,1,Crítico
EMP0001807,1807,No,3,0,Estable
EMP0001808,1808,Yes,3,2,Medio
EMP0001809,1809,No,4,2,Estable
EMP0001810,1810,Yes,4,1,Estable
EMP0001811,1811,No,1,0,Estable
EMP0001812,1812,Yes,1,11,Estable
EMP0001813,1813,No,1,1,Estable
EMP0001814,1814,No,1,1,Estable
EMP0001815,1815,Yes,1,1,Crítico
EMP0001816,1816,No,2,5,Estable
EMP0001817,1817,No,2,0,Estable
EMP0001818,1818,No,4,0,Estable
EMP0001819,1819,Yes,4,1,Estable
EMP0001820,1820,Yes,2,4,Estable
EMP0001821,1821,No,4,4,Estable
EMP0001822,1822,Yes,3,2,Medio
EMP0001823,1823,Yes,2,7,Estable
EMP0001824,1824,No,1,2,Estable
EMP0001825,1825,Yes,2,2,Estable
EMP0001826,1826,No,2,1,Estable
EMP0001827,1827,No,2,0,Estable
EMP0001828,1828,Yes,3,10,Medio
EMP0001829,1829,No,2,0,Estable
EMP0001830,1830,Yes,3,4,Medio
EMP0001831,1831,No,4,3,Estable
EMP0001832,1832,No,2,0,Estable
EMP0001833,1833,No,1,5,Estable
EMP0001834,1834,No,1,4,Estable
EMP0001835,1835,No,1,0,Estable
EMP0001836,1836,No,4,0,Estable
EMP0001837,1837,No,4,4,Estable
EMP0001838,1838,Yes,3,0,Medio
EMP0001839,1839,Yes,3,0,Medio
EMP0001840,1840,No,3,0,Estable
EMP0001841,1841,No,3,3,Estable
EMP0001842,1842,Yes,4,4,Estable
EMP0001843,1843,No,3,0,Estable
EMP0001844,1844,No,1,7,Estable
EMP0001845,1845,Yes,2,0,Crítico
EMP0001846,1846,Yes,1,3,Estable
EMP0001847,1847,No,1,5,Estable
EMP0001848,1848,Yes,3,0,Medio
EMP0001849,1849,No,3,0,Estable
EMP0001850,1850,No,2,3,Estable
EMP0001851,1851,No,4,2,Estable
EMP0001852,1852,Yes,1,1,Crítico
EMP0001853,1853,Yes,4,7,Estable
EMP0001854,1854,No,1,1,Estable
EMP0001855,1855,Yes,4,1,Estable
EMP0001856,1856,Yes,1,6,Estable
EMP0001857,1857,Yes,4,1,Estable
EMP0001859,1859,No,2,7,Estable
EMP0001860,1860,No,3,1,Estable
EMP0001861,1861,No,3,9,Estable
EMP0001862,1862,Yes,4,7,Estable
EMP0001863,1863,No,2,5,Estable
EMP0001864,1864,No,3,0,Estable
EMP0001865,1865,Yes,4,0,Estable
EMP0001866,1866,No,2,0,Estable
EMP0001867,1867,Yes,3,0,Medio
EMP0001868,1868,Yes,4,2,Estable
EMP0001869,1869,No,1,0,Estable
EMP0001870,1870,Yes,1,6,Estable
EMP0001871,1871,No,1,3,Estable
EMP0001872,1872,No,2,0,Estable
EMP0001873,1873,Yes,2,0,Crítico
EMP0001874,1874,Yes,2,0,Crítico
EMP0001875,1875,Yes,4,4,Estable
EMP0001876,1876,Yes,1,12,Estable
EMP0001877,1877,Yes,3,1,Medio
EMP0001878,1878,No,1,7,Estable
EMP0001879,1879,No,3,0,Estable
EMP0001880,1880,Yes,4,0,Estable
EMP0001881,1881,Yes,3,1,Medio
EMP0001882,1882,No,3,3,Estable
EMP0001883,1883,No,1,0,Estable
EMP0001884,1884,No,1,2,Estable
EMP0001885,1885,Yes,3,2,Medio
EMP0001886,1886,No,4,0,Estable
EMP0001887,1887,Yes,4,7,Estable
EMP0001888,1888,Yes,2,2,Estable
EMP0001889,1889,Yes,2,1,Crítico
EMP0001890,1890,Yes,3,0,Medio
EMP0001891,1891,No,4,0,Estable
EMP0001892,1892,No,2,0,Estable
EMP0001893,1893,No,4,1,Estable
EMP0001894,1894,Yes,2,5,Estable
EMP0001895,1895,Yes,2,1,Crítico
EMP0001896,1896,Yes,1,1,Crítico
EMP0001897,1897,No,1,1,Estable
EMP0001898,1898,No,2,1,Estable
EMP0001899,1899,Yes,3,0,Medio
EMP0001900,1900,Yes,4,0,Estable
EMP0001901,1901,Yes,4,5,Estable
EMP0001902,1902,Yes,3,5,Medio
EMP0001903,1903,Yes,4,1,Estable
EMP0001904,1904,Yes,1,2,Estable
EMP0001905,1905,No,4,5,Estable
EMP0001906,1906,No,1,0,Estable
EMP0001907,1907,Yes,2,13,Estable
EMP0001908,1908,Yes,1,3,Estable
EMP0001909,1909,No,3,15,Estable
EMP0001910,1910,Yes,4,3,Estable
EMP0001911,1911,Yes,4,0,Estable
EMP0001912,1912,No,2,1,Estable
EMP0001913,1913,No,1,5,Estable
EMP0001914,1914,Yes,1,0,Crítico
EMP0001915,1915,Yes,1,3,Estable
EMP0001916,1916,No,3,2,Estable
EMP0001917,1917,Yes,4,0,Estable
EMP0001918,1918,Yes,3,9,Medio
EMP0001919,1919,No,1,18,Estable
EMP0001920,1920,Yes,3,4,Medio
EMP0001921,1921,Yes,4,1,Estable
EMP0001922,1922,No,3,4,Estable
EMP0001923,1923,Yes,1,0,Crítico
EMP0001924,1924,No,3,0,Estable
EMP0001926,1926,No,4,3,Estable
EMP0001927,1927,Yes,1,9,Estable
EMP0001928,1928,No,1,2,Estable
EMP0001929,1929,Yes,2,2,Estable
EMP0001930,1930,Yes,2,0,Crítico
EMP0001931,1931,Yes,4,1,Estable
EMP0001932,1932,No,3,6,Estable
EMP0001933,1933,No,2,1,Estable
EMP0001934,1934,Yes,1,0,Crítico
EMP0001935,1935,Yes,4,14,Estable
EMP0001936,1936,No,2,2,Estable
EMP0001937,1937,Yes,3,12,Medio
EMP0001938,1938,Yes,1,1,Crítico
EMP0001939,1939,Yes,3,5,Medio
EMP0001940,1940,No,1,7,Estable
EMP0001941,1941,No,1,0,Estable
EMP0001942,1942,No,3,3,Estable
EMP0001943,1943,Yes,1,5,Estable
EMP0001944,1944,No,1,1,Estable
EMP0001945,1945,No,1,3,Estable
EMP0001946,1946,Yes,3,0,Medio
EMP0001947,1947,No,2,4,Estable
EMP0001948,1948,Yes,4,3,Estable
EMP0001949,1949,Yes,2,6,Estable
EMP0001950,1950,Yes,3,0,Medio
EMP0001951,1951,No,1,1,Estable
EMP0001952,1952,Yes,1,3,Estable
EMP0001953,1953,No,3,4,Estable
EMP0001954,1954,Yes,3,0,Medio
EMP0001955,1955,No,1,6,Estable
EMP0001956,1956,Yes,4,5,Estable
EMP0001957,1957,No,3,2,Estable
EMP0001958,1958,No,2,4,Estable
EMP0001959,1959,Yes,2,0,Crítico
EMP0001960,1960,No,2,4,Estable
EMP0001961,1961,No,1,1,Estable
EMP0001962,1962,Yes,3,5,Medio
EMP0001963,1963,Yes,3,3,Medio
EMP0001964,1964,Yes,2,1,Crítico
EMP0001965,1965,Yes,1,5,Estable
EMP0001966,1966,No,2,1,Estable
EMP0001967,1967,No,3,0,Estable
EMP0001968,1968,Yes,1,6,Estable
EMP0001969,1969,Yes,1,1,Crítico
EMP0001970,1970,No,1,5,Estable
EMP0001971,1971,Yes,3,6,Medio
EMP0001972,1972,No,1,6,Estable
EMP0001973,1973,No,3,0,Estable
EMP0001974,1974,No,3,0,Estable
EMP0001975,1975,No,2,0,Estable
EMP0001976,1976,No,1,0,Estable
EMP0001977,1977,No,3,11,Estable
EMP0001978,1978,Yes,2,3,Estable
EMP0001979,1979,No,2,1,Estable
EMP0001980,1980,No,4,2,Estable
EMP0001981,1981,Yes,3,5,Medio
EMP0001982,1982,Yes,3,0,Medio
EMP0001983,1983,Yes,2,9,Estable
EMP0001984,1984,No,4,0,Estable
EMP0001985,1985,Yes,2,0,Crítico
EMP0001986,1986,Yes,2,0,Crítico
EMP0001987,1987,No,3,27,Estable
EMP0001988,1988,No,1,2,Estable
EMP0001989,1989,Yes,2,0,Crítico
EMP0001990,1990,No,3,2,Estable
EMP0001991,1991,Yes,2,1,Crítico
EMP0001992,1992,No,2,0,Estable
EMP0001993,1993,No,4,4,Estable
EMP0001994,1994,Yes,1,11,Estable
EMP0001995,1995,Yes,3,3,Medio
EMP0001996,1996,No,2,3,Estable
EMP0001997,1997,No,2,0,Estable
EMP0001998,1998,Yes,2,5,Estable
EMP0001999,1999,Yes,4,0,Estable
EMP0002000,2000,No,1,0,Estable
EMP0002001,2001,No,2,4,Estable
EMP0002002,2002,Yes,4,2,Estable
EMP0002003,2003,Yes,1,2,Estable
EMP0002004,2004,Yes,1,3,Estable
EMP0002005,2005,Yes,1,7,Estable
EMP0002006,2006,No,3,6,Estable
EMP0002007,2007,Yes,2,14,Estable
EMP0002008,2008,No,3,3,Estable
EMP0002009,2009,Yes,4,0,Estable
EMP0002010,2010,Yes,2,0,Crítico
EMP0002011,2011,No,1,0,Estable
EMP0002012,2012,Yes,3,1,Medio
EMP0002013,2013,No,4,0,Estable
EMP0002014,2014,Yes,1,18,Estable
EMP0002015,2015,No,3,1,Estable
EMP0002016,2016,Yes,1,0,Crítico
EMP0002017,2017,No,1,5,Estable
EMP0002018,2018,Yes,1,6,Estable
EMP0002019,2019,Yes,1,6,Estable
EMP0002020,2020,No,4,4,Estable
EMP0002021,2021,No,3,2,Estable
EMP0002022,2022,No,3,0,Estable
EMP0002023,2023,Yes,3,0,Medio
EMP0002024,2024,No,2,8,Estable
EMP0002025,2025,No,1,2,Estable
EMP0002026,2026,No,4,0,Estable
EMP0002027,2027,Yes,2,3,Estable
EMP0002028,2028,No,4,4,Estable
EMP0002029,2029,No,4,0,Estable
EMP0002030,2030,Yes,3,2,Medio
EMP0002031,2031,Yes,3,0,Medio
EMP0002032,2032,No,3,0,Estable
EMP0002033,2033,No,4,0,Estable
EMP0002034,2034,No,3,0,Estable
EMP0002035,2035,No,3,4,Estable
EMP0002036,2036,No,4,0,Estable
EMP0002037,2037,No,1,0,Estable
EMP0002038,2038,No,2,5,Estable
EMP0002039,2039,Yes,1,0,Crítico
EMP0002040,2040,No,1,2,Estable
EMP0002041,2041,No,1,2,Estable
EMP0002042,2042,Yes,1,1,Crítico
EMP0002043,2043,No,1,2,Estable
EMP0002044,2044,No,4,0,Estable
EMP0002045,2045,No,3,0,Estable
EMP0002046,2046,Yes,2,5,Estable
EMP0002047,2047,No,2,4,Estable
EMP0002048,2048,No,2,6,Estable
EMP0002049,2049,No,3,5,Estable
EMP0002050,2050,No,4,6,Estable
EMP0002051,2051,Yes,2,0,Crítico
EMP0002052,2052,No,3,1,Estable
EMP0002053,2053,Yes,1,7,Estable
EMP0002054,2054,Yes,1,6,Estable
EMP0002055,2055,No,4,0,Estable
EMP0002056,2056,No,4,0,Estable
EMP0002057,2057,Yes,2,10,Estable
EMP0002058,2058,No,2,0,Estable
EMP0002059,2059,Yes,3,8,Medio
EMP0002060,2060,No,3,3,Estable
EMP0002061,2061,No,1,1,Estable
EMP0002062,2062,Yes,3,13,Medio
EMP0002063,2063,No,1,6,Estable
EMP0002064,2064,No,2,2,Estable
EMP0002065,2065,Yes,3,3,Medio
EMP0002066,2066,Yes,3,19,Medio
EMP0002067,2067,Yes,3,3,Medio
EMP0002068,2068,Yes,1,0,Crítico
EMP0002069,2069,No,4,3,Estable
EMP0002070,2070,No,1,0,Estable
EMP0002071,2071,Yes,1,1,Crítico
EMP0002072,2072,No,2,2,Estable
EMP0002073,2073,No,4,3,Estable
EMP0002074,2074,Yes,4,0,Estable
EMP0002075,2075,No,2,1,Estable
EMP0002076,2076,No,3,1,Estable
EMP0002077,2077,No,1,1,Estable
EMP0002078,2078,Yes,1,0,Crítico
EMP0002079,2079,Yes,3,6,Medio
EMP0002080,2080,No,2,2,Estable
EMP0002081,2081,No,2,1,Estable
EMP0002082,2082,Yes,4,1,Estable
EMP0002083,2083,No,1,1,Estable
EMP0002084,2084,No,4,0,Estable
EMP0002085,2085,No,3,10,Estable
EMP0002086,2086,Yes,3,3,Medio
EMP0002087,2087,Yes,3,1,Medio
EMP0002088,2088,No,3,0,Estable
EMP0002089,2089,Yes,4,3,Estable
EMP0002090,2090,Yes,3,1,Medio
EMP0002091,2091,Yes,4,2,Estable
EMP0002092,2092,No,3,0,Estable
EMP0002093,2093,No,1,4,Estable
EMP0002094,2094,Yes,2,0,Crítico
EMP0002095,2095,No,2,1,Estable
EMP0002096,2096,Yes,3,2,Medio
EMP0002097,2097,No,4,3,Estable
EMP0002098,2098,Yes,2,1,Crítico
EMP0002099,2099,Yes,1,2,Estable
EMP0002100,2100,Yes,2,0,Crítico
EMP0002101,2101,No,4,0,Estable
EMP0002102,2102,Yes,1,4,Estable
EMP0002103,2103,No,1,0,Estable
EMP0002104,2104,No,4,13,Estable
EMP0002105,2105,Yes,2,1,Crítico
EMP0002106,2106,No,3,5,Estable
EMP0002107,2107,Yes,1,0,Crítico
EMP0002108,2108,No,4,0,Estable
EMP0002109,2109,No,3,5,Estable
EMP0002110,2110,No,2,1,Estable
EMP0002111,2111,No,1,0,Estable
EMP0002112,2112,Yes,3,3,Medio
EMP0002113,2113,Yes,1,11,Estable
EMP0002114,2114,No,3,4,Estable
EMP0002115,2115,No,2,5,Estable
EMP0002116,2116,No,1,0,Estable
EMP0002117,2117,No,1,0,Estable
EMP0002118,2118,Yes,2,5,Estable
EMP0002119,2119,No,4,1,Estable
EMP0002120,2120,Yes,3,1,Medio
EMP0002121,2121,No,2,1,Estable
EMP0002122,2122,Yes,2,0,Crítico
EMP0002123,2123,No,3,1,Estable
EMP0002124,2124,No,2,1,Estable
EMP0002125,2125,Yes,2,0,Crítico
EMP0002126,2126,No,3,4,Estable
EMP0002127,2127,Yes,1,8,Estable
EMP0002128,2128,No,2,6,Estable
EMP0002129,2129,Yes,1,3,Estable
EMP0002130,2130,Yes,1,0,Crítico
EMP0002131,2131,No,3,0,Estable
EMP0002132,2132,No,1,8,Estable
EMP0002133,2133,No,2,2,Estable
EMP0002134,2134,Yes,2,0,Crítico
EMP0002135,2135,No,4,18,Estable
EMP0002136,2136,Yes,4,5,Estable
EMP0002137,2137,Yes,2,0,Crítico
EMP0002138,2138,Yes,3,2,Medio
EMP0002139,2139,Yes,3,2,Medio
EMP0002140,2140,Yes,4,4,Estable
EMP0002141,2141,Yes,4,10,Estable
EMP0002142,2142,No,2,1,Estable
EMP0002143,2143,No,3,2,Estable
EMP0002144,2144,No,4,1,Estable
EMP0002145,2145,Yes,1,0,Crítico
EMP0002146,2146,Yes,4,0,Estable
EMP0002147,2147,Yes,3,1,Medio
EMP0002148,2148,Yes,4,1,Estable
EMP0002149,2149,Yes,1,0,Crítico
EMP0002150,2150,Yes,3,12,Medio
EMP0002151,2151,No,4,5,Estable
EMP0002152,2152,Yes,3,0,Medio
EMP0002153,2153,No,1,1,Estable
EMP0002154,2154,Yes,1,3,Estable
EMP0002155,2155,Yes,1,3,Estable
EMP0002156,2156,Yes,3,0,Medio
EMP0002157,2157,Yes,3,0,Medio
EMP0002158,2158,Yes,4,1,Estable
EMP0002159,2159,Yes,3,11,Medio
EMP0002160,2160,No,4,5,Estable
EMP0002161,2161,No,4,4,Estable
EMP0002162,2162,Yes,2,3,Estable
EMP0002163,2163,Yes,4,1,Estable
EMP0002164,2164,Yes,1,1,Crítico
EMP0002165,2165,No,1,2,Estable
EMP0002166,2166,No,2,0,Estable
EMP0002167,2167,Yes,1,1,Crítico
EMP0002168,2168,No,4,1,Estable
EMP0002169,2169,Yes,4,2,Estable
EMP0002170,2170,Yes,4,1,Estable
EMP0002171,2171,Yes,3,4,Medio
EMP0002172,2172,Yes,1,0,Crítico
EMP0002173,2173,No,4,6,Estable
EMP0002174,2174,No,2,1,Estable
EMP0002175,2175,No,2,0,Estable
EMP0002176,2176,No,3,0,Estable
EMP0002177,2177,Yes,1,0,Crítico
EMP0002178,2178,No,3,5,Estable
EMP0002179,2179,Yes,1,0,Crítico
EMP0002180,2180,No,3,2,Estable
EMP0002181,2181,Yes,1,3,Estable
EMP0002182,2182,Yes,2,1,Crítico
EMP0002183,2183,No,3,0,Estable
EMP0002184,2184,No,2,1,Estable
EMP0002185,2185,Yes,2,2,Estable
EMP0002186,2186,No,3,3,Estable
EMP0002187,2187,Yes,2,3,Estable
EMP0002188,2188,Yes,4,1,Estable
EMP0002189,2189,Yes,2,0,Crítico
EMP0002190,2190,No,1,0,Estable
EMP0002191,2191,Yes,4,0,Estable
EMP0002192,2192,No,3,0,Estable
EMP0002193,2193,Yes,4,1,Estable
EMP0002194,2194,No,4,0,Estable
EMP0002195,2195,No,1,0,Estable
EMP0002196,2196,No,2,3,Estable
EMP0002197,2197,Yes,2,6,Estable
EMP0002198,2198,Yes,1,0,Crítico
EMP0002199,2199,No,1,0,Estable
EMP0002200,2200,Yes,1,3,Estable
EMP0002201,2201,Yes,3,0,Medio
EMP0002202,2202,Yes,1,24,Estable
EMP0002203,2203,No,4,2,Estable
EMP0002204,2204,No,3,4,Estable
EMP0002205,2205,No,3,1,Estable
EMP0002206,2206,Yes,3,1,Medio
EMP0002207,2207,No,4,2,Estable
EMP0002208,2208,No,3,1,Estable
EMP0002209,2209,Yes,4,2,Estable
EMP0002210,2210,No,4,0,Estable
EMP0002211,2211,No,4,1,Estable
EMP0002212,2212,No,1,0,Estable
EMP0002213,2213,Yes,1,12,Estable
EMP0002214,2214,Yes,3,0,Medio
EMP0002215,2215,No,1,0,Estable
EMP0002216,2216,No,2,9,Estable
EMP0002217,2217,Yes,1,0,Crítico
EMP0002218,2218,Yes,1,4,Estable
EMP0002219,2219,Yes,3,7,Medio
EMP0002220,2220,Yes,2,0,Crítico
EMP0002221,2221,No,2,1,Estable
EMP0002222,2222,Yes,3,0,Medio
EMP0002223,2223,No,4,2,Estable
EMP0002224,2224,No,2,0,Estable
EMP0002225,2225,Yes,3,0,Medio
EMP0002226,2226,No,3,3,Estable
EMP0002227,2227,Yes,2,0,Crítico
EMP0002228,2228,Yes,3,6,Medio
EMP0002229,2229,Yes,3,1,Medio
EMP0002230,2230,No,1,1,Estable
EMP0002231,2231,Yes,3,0,Medio
EMP0002232,2232,Yes,1,22,Estable
EMP0002233,2233,No,1,1,Estable
EMP0002234,2234,Yes,1,0,Crítico
EMP0002235,2235,Yes,4,0,Estable
EMP0002236,2236,No,2,0,Estable
EMP0002237,2237,Yes,1,4,Estable
EMP0002238,2238,No,4,3,Estable
EMP0002239,2239,Yes,3,5,Medio
EMP0002240,2240,No,4,1,Estable
EMP0002241,2241,Yes,2,4,Estable
EMP0002242,2242,Yes,1,6,Estable
EMP0002243,2243,No,2,11,Estable
EMP0002244,2244,Yes,2,22,Estable
EMP0002245,2245,Yes,1,6,Estable
EMP0002246,2246,Yes,1,0,Crítico
EMP0002247,2247,Yes,1,2,Estable
EMP0002248,2248,Yes,1,1,Crítico
EMP0002271,2271,No,1,0,Estable
EMP0002249,2249,Yes,1,0,Crítico
EMP0002250,2250,Yes,2,4,Estable
EMP0002251,2251,No,1,5,Estable
EMP0002252,2252,No,3,6,Estable
EMP0002253,2253,No,1,4,Estable
EMP0002254,2254,Yes,2,2,Estable
EMP0002255,2255,No,2,7,Estable
EMP0002256,2256,No,1,1,Estable
EMP0002257,2257,No,1,2,Estable
EMP0002258,2258,No,3,7,Estable
EMP0002259,2259,Yes,4,5,Estable
EMP0002260,2260,No,3,0,Estable
EMP0002261,2261,Yes,4,1,Estable
EMP0002262,2262,No,1,20,Estable
EMP0002263,2263,Yes,4,1,Estable
EMP0002264,2264,No,2,3,Estable
EMP0002265,2265,Yes,1,3,Estable
EMP0002266,2266,Yes,2,1,Crítico
EMP0002267,2267,Yes,3,3,Medio
EMP0002268,2268,Yes,1,2,Estable
EMP0002269,2269,Yes,2,3,Estable
EMP0002270,2270,No,1,1,Estable
EMP0002272,2272,No,4,0,Estable
EMP0002273,2273,No,3,4,Estable
EMP0002274,2274,Yes,2,8,Estable
EMP0002275,2275,Yes,4,4,Estable
EMP0002276,2276,Yes,4,1,Estable
EMP0002277,2277,Yes,4,2,Estable
EMP0002278,2278,Yes,4,1,Estable
EMP0002279,2279,Yes,1,2,Estable
EMP0002280,2280,Yes,2,4,Estable
EMP0002281,2281,Yes,4,1,Estable
EMP0002282,2282,Yes,4,9,Estable
EMP0002283,2283,No,1,2,Estable
EMP0002284,2284,Yes,4,4,Estable
EMP0002285,2285,Yes,3,0,Medio
EMP0002286,2286,Yes,4,2,Estable
EMP0002287,2287,Yes,2,6,Estable
EMP0002288,2288,Yes,1,0,Crítico
EMP0002289,2289,Yes,2,2,Estable
EMP0002290,2290,Yes,3,2,Medio
EMP0002291,2291,Yes,2,1,Crítico
EMP0002292,2292,No,4,3,Estable
EMP0002293,2293,Yes,1,1,Crítico
EMP0002294,2294,Yes,3,1,Medio
EMP0002295,2295,Yes,1,0,Crítico
EMP0002296,2296,No,4,1,Estable
EMP0002297,2297,Yes,3,1,Medio
EMP0002298,2298,Yes,3,1,Medio
EMP0002299,2299,No,1,0,Estable
EMP0002300,2300,No,2,1,Estable
EMP0002301,2301,No,4,6,Estable
EMP0002302,2302,No,1,4,Estable
EMP0002303,2303,Yes,1,2,Estable
EMP0002304,2304,Yes,1,0,Crítico
EMP0002305,2305,No,3,2,Estable
EMP0002306,2306,No,1,10,Estable
EMP0002307,2307,No,3,2,Estable
EMP0002308,2308,No,4,2,Estable
EMP0002309,2309,Yes,4,2,Estable
EMP0002310,2310,No,2,1,Estable
EMP0002311,2311,Yes,3,0,Medio
EMP0002312,2312,No,2,4,Estable
EMP0002313,2313,Yes,2,9,Estable
EMP0002314,2314,Yes,3,2,Medio
EMP0002315,2315,Yes,3,3,Medio
EMP0002316,2316,No,3,1,Estable
EMP0002317,2317,No,3,1,Estable
EMP0002318,2318,Yes,2,1,Crítico
EMP0002319,2319,Yes,1,0,Crítico
EMP0002320,2320,No,4,3,Estable
EMP0002321,2321,Yes,1,4,Estable
EMP0002322,2322,No,1,0,Estable
EMP0002323,2323,No,3,9,Estable
EMP0002324,2324,No,2,6,Estable
EMP0002325,2325,Yes,2,1,Crítico
EMP0002326,2326,No,2,1,Estable
EMP0002327,2327,Yes,4,1,Estable
EMP0002328,2328,Yes,3,8,Medio
EMP0002329,2329,No,4,5,Estable
EMP0002330,2330,Yes,1,1,Crítico
EMP0002331,2331,No,4,5,Estable
EMP0002332,2332,No,1,0,Estable
EMP0002333,2333,Yes,3,3,Medio
EMP0002334,2334,Yes,4,4,Estable
EMP0002335,2335,No,4,7,Estable
EMP0002488,2488,Yes,1,0,Crítico
EMP0002336,2336,No,1,2,Estable
EMP0002337,2337,Yes,2,3,Estable
EMP0002338,2338,Yes,4,4,Estable
EMP0002339,2339,Yes,3,0,Medio
EMP0002340,2340,Yes,1,0,Crítico
EMP0002341,2341,Yes,2,2,Estable
EMP0002342,2342,No,1,4,Estable
EMP0002343,2343,No,3,0,Estable
EMP0002344,2344,Yes,3,0,Medio
EMP0002345,2345,Yes,1,4,Estable
EMP0002346,2346,No,2,3,Estable
EMP0002347,2347,Yes,4,1,Estable
EMP0002348,2348,No,4,0,Estable
EMP0002349,2349,No,4,0,Estable
EMP0002350,2350,No,4,2,Estable
EMP0002351,2351,Yes,3,2,Medio
EMP0002352,2352,Yes,2,9,Estable
EMP0002353,2353,Yes,3,0,Medio
EMP0002354,2354,No,4,4,Estable
EMP0002355,2355,Yes,1,0,Crítico
EMP0002356,2356,Yes,3,1,Medio
EMP0002357,2357,No,1,5,Estable
EMP0002358,2358,Yes,3,1,Medio
EMP0002359,2359,Yes,1,4,Estable
EMP0002360,2360,Yes,3,0,Medio
EMP0002361,2361,No,2,0,Estable
EMP0002362,2362,No,3,0,Estable
EMP0002363,2363,No,4,2,Estable
EMP0002364,2364,Yes,3,8,Medio
EMP0002365,2365,No,2,6,Estable
EMP0002366,2366,No,3,0,Estable
EMP0002367,2367,No,1,5,Estable
EMP0002368,2368,No,1,1,Estable
EMP0002369,2369,Yes,2,0,Crítico
EMP0002370,2370,Yes,3,6,Medio
EMP0002371,2371,Yes,2,2,Estable
EMP0002372,2372,No,4,3,Estable
EMP0002373,2373,Yes,4,0,Estable
EMP0002374,2374,No,1,4,Estable
EMP0002375,2375,Yes,4,5,Estable
EMP0002376,2376,No,1,1,Estable
EMP0002377,2377,No,3,6,Estable
EMP0002378,2378,No,1,0,Estable
EMP0002379,2379,No,3,0,Estable
EMP0002380,2380,Yes,1,0,Crítico
EMP0002381,2381,No,2,13,Estable
EMP0002382,2382,Yes,3,9,Medio
EMP0002383,2383,No,2,7,Estable
EMP0002384,2384,Yes,2,2,Estable
EMP0002385,2385,No,4,3,Estable
EMP0002386,2386,Yes,2,2,Estable
EMP0002387,2387,Yes,3,1,Medio
EMP0002388,2388,Yes,1,2,Estable
EMP0002389,2389,Yes,1,6,Estable
EMP0002390,2390,Yes,4,4,Estable
EMP0002391,2391,Yes,1,6,Estable
EMP0002392,2392,Yes,3,8,Medio
EMP0002393,2393,Yes,3,3,Medio
EMP0002394,2394,Yes,2,1,Crítico
EMP0002395,2395,No,2,7,Estable
EMP0002396,2396,Yes,4,2,Estable
EMP0002397,2397,No,1,0,Estable
EMP0002398,2398,Yes,1,4,Estable
EMP0002399,2399,No,4,3,Estable
EMP0002400,2400,Yes,4,1,Estable
EMP0002401,2401,Yes,4,1,Estable
EMP0002402,2402,Yes,3,0,Medio
EMP0002403,2403,No,2,0,Estable
EMP0002404,2404,Yes,2,0,Crítico
EMP0002405,2405,No,2,0,Estable
EMP0002406,2406,Yes,3,7,Medio
EMP0002407,2407,No,2,6,Estable
EMP0002408,2408,Yes,1,10,Estable
EMP0002409,2409,Yes,1,1,Crítico
EMP0002410,2410,No,1,0,Estable
EMP0002411,2411,No,4,0,Estable
EMP0002412,2412,No,2,3,Estable
EMP0002413,2413,No,4,2,Estable
EMP0002414,2414,Yes,3,11,Medio
EMP0002415,2415,No,1,0,Estable
EMP0002416,2416,No,2,0,Estable
EMP0002417,2417,Yes,2,0,Crítico
EMP0002418,2418,No,3,1,Estable
EMP0002419,2419,Yes,4,3,Estable
EMP0002420,2420,Yes,3,0,Medio
EMP0002421,2421,No,4,3,Estable
EMP0002422,2422,No,1,0,Estable
EMP0002423,2423,Yes,4,2,Estable
EMP0002424,2424,Yes,2,3,Estable
EMP0002425,2425,Yes,1,2,Estable
EMP0002426,2426,Yes,2,7,Estable
EMP0002427,2427,Yes,2,5,Estable
EMP0002428,2428,Yes,2,0,Crítico
EMP0002429,2429,No,2,2,Estable
EMP0002430,2430,No,4,2,Estable
EMP0002431,2431,No,3,0,Estable
EMP0002432,2432,Yes,4,0,Estable
EMP0002433,2433,Yes,2,0,Crítico
EMP0002434,2434,No,2,0,Estable
EMP0002435,2435,Yes,3,1,Medio
EMP0002436,2436,No,1,0,Estable
EMP0002437,2437,Yes,4,3,Estable
EMP0002438,2438,No,2,0,Estable
EMP0002439,2439,Yes,1,4,Estable
EMP0002440,2440,No,1,2,Estable
EMP0002441,2441,No,2,9,Estable
EMP0002442,2442,Yes,2,0,Crítico
EMP0002443,2443,No,2,1,Estable
EMP0002444,2444,No,2,2,Estable
EMP0002445,2445,No,4,2,Estable
EMP0002446,2446,No,2,0,Estable
EMP0002447,2447,Yes,4,1,Estable
EMP0002448,2448,Yes,3,0,Medio
EMP0002449,2449,No,3,7,Estable
EMP0002450,2450,Yes,2,1,Crítico
EMP0002451,2451,Yes,2,0,Crítico
EMP0002452,2452,Yes,4,4,Estable
EMP0002453,2453,Yes,1,0,Crítico
EMP0002454,2454,Yes,2,2,Estable
EMP0002455,2455,No,3,0,Estable
EMP0002456,2456,Yes,2,0,Crítico
EMP0002457,2457,Yes,4,13,Estable
EMP0002458,2458,Yes,1,9,Estable
EMP0002459,2459,No,3,4,Estable
EMP0002460,2460,No,2,5,Estable
EMP0002461,2461,No,4,1,Estable
EMP0002462,2462,No,4,4,Estable
EMP0002463,2463,No,2,1,Estable
EMP0002464,2464,Yes,1,4,Estable
EMP0002465,2465,No,3,12,Estable
EMP0002466,2466,No,4,2,Estable
EMP0002467,2467,No,3,1,Estable
EMP0002468,2468,No,2,0,Estable
EMP0002469,2469,No,4,19,Estable
EMP0002470,2470,No,2,0,Estable
EMP0002471,2471,No,3,2,Estable
EMP0002472,2472,Yes,2,0,Crítico
EMP0002473,2473,No,2,0,Estable
EMP0002474,2474,No,1,1,Estable
EMP0002475,2475,No,4,6,Estable
EMP0002476,2476,Yes,3,0,Medio
EMP0002477,2477,Yes,1,0,Crítico
EMP0002478,2478,No,4,4,Estable
EMP0002479,2479,No,3,1,Estable
EMP0002480,2480,Yes,3,0,Medio
EMP0002481,2481,Yes,4,5,Estable
EMP0002482,2482,Yes,4,11,Estable
EMP0002483,2483,Yes,4,11,Estable
EMP0002484,2484,Yes,4,0,Estable
EMP0002485,2485,No,2,0,Estable
EMP0002486,2486,Yes,3,13,Medio
EMP0002487,2487,No,4,3,Estable
EMP0002489,2489,Yes,2,2,Estable
EMP0002490,2490,No,1,2,Estable
EMP0002491,2491,Yes,3,9,Medio
EMP0002492,2492,No,2,3,Estable
EMP0002493,2493,Yes,2,1,Crítico
EMP0002494,2494,No,4,7,Estable
EMP0002495,2495,No,4,2,Estable
EMP0002496,2496,Yes,2,2,Estable
EMP0002497,2497,No,3,1,Estable
EMP0002498,2498,No,1,0,Estable
EMP0002499,2499,Yes,4,0,Estable
EMP0002500,2500,No,3,6,Estable
EMP0002501,2501,Yes,1,2,Estable
EMP0002502,2502,No,1,1,Estable
EMP0002503,2503,No,4,1,Estable
EMP0002504,2504,No,3,0,Estable
EMP0002505,2505,Yes,3,0,Medio
EMP0002506,2506,No,4,0,Estable
EMP0002507,2507,Yes,3,0,Medio
EMP0002508,2508,Yes,4,4,Estable
EMP0002509,2509,Yes,3,0,Medio
EMP0002510,2510,Yes,4,11,Estable
EMP0002511,2511,No,2,3,Estable
EMP0002512,2512,No,1,0,Estable
EMP0002513,2513,No,3,3,Estable
EMP0002514,2514,Yes,2,1,Crítico
EMP0002515,2515,Yes,3,1,Medio
EMP0002516,2516,No,3,0,Estable
EMP0002517,2517,Yes,1,3,Estable
EMP0002518,2518,No,3,0,Estable
EMP0002519,2519,Yes,3,0,Medio
EMP0002520,2520,Yes,1,2,Estable
EMP0002521,2521,Yes,4,0,Estable
EMP0002522,2522,No,3,2,Estable
EMP0002523,2523,No,4,0,Estable
EMP0002524,2524,No,2,0,Estable
EMP0002525,2525,Yes,2,2,Estable
EMP0002526,2526,Yes,2,4,Estable
EMP0002527,2527,No,2,1,Estable
EMP0002528,2528,Yes,2,4,Estable
EMP0002529,2529,No,2,9,Estable
EMP0002530,2530,Yes,2,4,Estable
EMP0002531,2531,Yes,2,1,Crítico
EMP0002532,2532,No,3,3,Estable
EMP0002533,2533,Yes,4,1,Estable
EMP0002534,2534,Yes,1,0,Crítico
EMP0002535,2535,No,1,1,Estable
EMP0002536,2536,Yes,4,0,Estable
EMP0002537,2537,No,2,5,Estable
EMP0002538,2538,Yes,4,1,Estable
EMP0002539,2539,Yes,2,0,Crítico
EMP0002540,2540,Yes,4,0,Estable
EMP0002541,2541,No,1,0,Estable
EMP0002542,2542,No,2,0,Estable
EMP0002543,2543,No,2,0,Estable
EMP0002544,2544,Yes,2,4,Estable
EMP0002545,2545,No,2,3,Estable
EMP0002546,2546,Yes,1,0,Crítico
EMP0002547,2547,No,4,2,Estable
EMP0002548,2548,Yes,1,2,Estable
EMP0002549,2549,No,2,4,Estable
EMP0002550,2550,No,3,0,Estable
EMP0002551,2551,No,4,0,Estable
EMP0002552,2552,No,4,5,Estable
EMP0002553,2553,Yes,4,2,Estable
EMP0002554,2554,No,2,3,Estable
EMP0002555,2555,Yes,3,1,Medio
EMP0002556,2556,No,4,5,Estable
EMP0002557,2557,No,3,1,Estable
EMP0002558,2558,Yes,1,18,Estable
EMP0002559,2559,Yes,1,20,Estable
EMP0002560,2560,Yes,1,3,Estable
EMP0002561,2561,No,4,6,Estable
EMP0002562,2562,No,3,4,Estable
EMP0002563,2563,No,3,1,Estable
EMP0002564,2564,Yes,3,5,Medio
EMP0002565,2565,No,3,0,Estable
EMP0002566,2566,Yes,3,2,Medio
EMP0002567,2567,Yes,4,5,Estable
EMP0002568,2568,No,3,6,Estable
EMP0002569,2569,Yes,4,0,Estable
EMP0002570,2570,No,4,3,Estable
EMP0002571,2571,Yes,4,2,Estable
EMP0002572,2572,No,2,4,Estable
EMP0002573,2573,No,3,4,Estable
EMP0002596,2596,No,3,17,Estable
EMP0002574,2574,No,4,1,Estable
EMP0002575,2575,No,1,0,Estable
EMP0002576,2576,Yes,2,3,Estable
EMP0002577,2577,No,3,0,Estable
EMP0002578,2578,No,4,2,Estable
EMP0002579,2579,Yes,1,1,Crítico
EMP0002580,2580,No,4,1,Estable
EMP0002581,2581,Yes,1,8,Estable
EMP0002582,2582,No,4,0,Estable
EMP0002583,2583,Yes,3,1,Medio
EMP0002584,2584,Yes,1,8,Estable
EMP0002585,2585,No,1,2,Estable
EMP0002586,2586,No,4,2,Estable
EMP0002587,2587,Yes,2,2,Estable
EMP0002588,2588,No,1,0,Estable
EMP0002589,2589,Yes,3,3,Medio
EMP0002590,2590,No,4,1,Estable
EMP0002591,2591,Yes,4,1,Estable
EMP0002592,2592,No,2,5,Estable
EMP0002593,2593,No,4,9,Estable
EMP0002594,2594,Yes,3,3,Medio
EMP0002595,2595,No,2,5,Estable
EMP0002597,2597,Yes,2,4,Estable
EMP0002598,2598,No,3,2,Estable
EMP0002599,2599,No,2,2,Estable
EMP0002600,2600,Yes,1,2,Estable
EMP0002601,2601,Yes,4,1,Estable
EMP0002602,2602,Yes,1,0,Crítico
EMP0002603,2603,No,3,4,Estable
EMP0002604,2604,Yes,4,8,Estable
EMP0002605,2605,No,3,3,Estable
EMP0002606,2606,Yes,3,0,Medio
EMP0002607,2607,No,4,1,Estable
EMP0002608,2608,No,1,0,Estable
EMP0002609,2609,No,2,1,Estable
EMP0002610,2610,No,2,4,Estable
EMP0002611,2611,Yes,3,0,Medio
EMP0002612,2612,Yes,3,8,Medio
EMP0002613,2613,No,2,0,Estable
EMP0002614,2614,Yes,2,2,Estable
EMP0002615,2615,No,4,2,Estable
EMP0002616,2616,No,3,2,Estable
EMP0002617,2617,Yes,1,2,Estable
EMP0002618,2618,No,4,2,Estable
EMP0002619,2619,Yes,1,6,Estable
EMP0002620,2620,Yes,4,0,Estable
EMP0002621,2621,Yes,1,0,Crítico
EMP0002622,2622,No,3,0,Estable
EMP0002623,2623,No,1,7,Estable
EMP0002624,2624,Yes,2,6,Estable
EMP0002625,2625,No,4,1,Estable
EMP0002626,2626,Yes,3,3,Medio
EMP0002627,2627,Yes,2,2,Estable
EMP0002628,2628,No,2,8,Estable
EMP0002629,2629,No,3,6,Estable
EMP0002630,2630,No,3,3,Estable
EMP0002631,2631,Yes,2,0,Crítico
EMP0002632,2632,No,4,8,Estable
EMP0002633,2633,No,3,0,Estable
EMP0002634,2634,No,4,2,Estable
EMP0002635,2635,Yes,4,5,Estable
EMP0002636,2636,Yes,3,8,Medio
EMP0002637,2637,Yes,4,0,Estable
EMP0002638,2638,No,2,0,Estable
EMP0002639,2639,Yes,2,2,Estable
EMP0002640,2640,Yes,4,1,Estable
EMP0002641,2641,No,4,1,Estable
EMP0002642,2642,No,2,1,Estable
EMP0002643,2643,Yes,2,1,Crítico
EMP0002644,2644,Yes,1,4,Estable
EMP0002645,2645,No,2,0,Estable
EMP0002646,2646,No,2,1,Estable
EMP0002647,2647,Yes,2,0,Crítico
EMP0002648,2648,Yes,2,0,Crítico
EMP0002649,2649,No,2,5,Estable
EMP0002650,2650,No,4,3,Estable
EMP0002651,2651,Yes,3,4,Medio
EMP0002652,2652,Yes,4,3,Estable
EMP0002653,2653,No,1,4,Estable
EMP0002654,2654,Yes,4,3,Estable
EMP0002655,2655,No,4,3,Estable
EMP0002656,2656,Yes,3,3,Medio
EMP0002657,2657,No,4,2,Estable
EMP0002658,2658,No,1,5,Estable
EMP0002659,2659,Yes,1,0,Crítico
EMP0002660,2660,Yes,2,5,Estable
EMP0002661,2661,Yes,1,0,Crítico
EMP0002662,2662,No,2,6,Estable
EMP0002663,2663,No,2,4,Estable
EMP0002664,2664,No,2,5,Estable
EMP0002665,2665,Yes,3,3,Medio
EMP0002666,2666,No,3,5,Estable
EMP0002667,2667,No,1,7,Estable
EMP0002668,2668,Yes,4,2,Estable
EMP0002669,2669,Yes,2,1,Crítico
EMP0002670,2670,No,1,1,Estable
EMP0002671,2671,Yes,2,4,Estable
EMP0002672,2672,Yes,1,0,Crítico
EMP0002673,2673,Yes,4,0,Estable
EMP0002674,2674,No,3,3,Estable
EMP0002675,2675,Yes,2,2,Estable
EMP0002676,2676,No,4,1,Estable
EMP0002677,2677,Yes,3,6,Medio
EMP0002678,2678,No,1,0,Estable
EMP0002679,2679,Yes,3,3,Medio
EMP0002680,2680,No,3,0,Estable
EMP0002681,2681,No,4,0,Estable
EMP0002682,2682,Yes,4,4,Estable
EMP0002683,2683,No,4,14,Estable
EMP0002684,2684,Yes,1,1,Crítico
EMP0002685,2685,Yes,3,9,Medio
EMP0002686,2686,No,2,1,Estable
EMP0002687,2687,No,2,0,Estable
EMP0002688,2688,Yes,2,5,Estable
EMP0002689,2689,No,1,23,Estable
EMP0002690,2690,Yes,2,1,Crítico
EMP0002691,2691,Yes,4,2,Estable
EMP0002692,2692,No,2,0,Estable
EMP0002693,2693,No,3,1,Estable
EMP0002694,2694,No,1,0,Estable
EMP0002695,2695,No,3,0,Estable
EMP0002696,2696,No,4,0,Estable
EMP0002697,2697,No,1,2,Estable
EMP0002698,2698,Yes,3,1,Medio
EMP0002699,2699,Yes,2,7,Estable
EMP0002700,2700,No,2,0,Estable
EMP0002701,2701,Yes,1,0,Crítico
EMP0002702,2702,Yes,4,8,Estable
EMP0002703,2703,Yes,3,3,Medio
EMP0002704,2704,Yes,4,0,Estable
EMP0002705,2705,Yes,3,2,Medio
EMP0002706,2706,No,4,4,Estable
EMP0002707,2707,No,2,4,Estable
EMP0002708,2708,Yes,2,2,Estable
EMP0002709,2709,No,4,7,Estable
EMP0002710,2710,Yes,4,0,Estable
EMP0002711,2711,No,4,1,Estable
EMP0002712,2712,No,1,7,Estable
EMP0002713,2713,No,4,0,Estable
EMP0002714,2714,Yes,4,6,Estable
EMP0002715,2715,No,4,0,Estable
EMP0002716,2716,No,1,1,Estable
EMP0002717,2717,No,1,1,Estable
EMP0002718,2718,No,2,1,Estable
EMP0002719,2719,No,3,6,Estable
EMP0002720,2720,Yes,4,1,Estable
EMP0002721,2721,No,3,2,Estable
EMP0002722,2722,No,4,4,Estable
EMP0002723,2723,No,1,4,Estable
EMP0002724,2724,Yes,1,2,Estable
EMP0002725,2725,Yes,3,6,Medio
EMP0002726,2726,Yes,4,4,Estable
EMP0002727,2727,No,2,4,Estable
EMP0002728,2728,Yes,4,2,Estable
EMP0002729,2729,No,3,1,Estable
EMP0002730,2730,Yes,2,6,Estable
EMP0002731,2731,No,3,1,Estable
EMP0002732,2732,No,1,2,Estable
EMP0002733,2733,Yes,4,3,Estable
EMP0002734,2734,Yes,2,1,Crítico
EMP0002735,2735,Yes,4,0,Estable
EMP0002736,2736,No,3,6,Estable
EMP0002737,2737,No,2,1,Estable
EMP0002738,2738,Yes,3,9,Medio
EMP0002739,2739,Yes,3,0,Medio
EMP0002740,2740,Yes,2,3,Estable
EMP0002741,2741,No,4,2,Estable
EMP0002742,2742,No,3,3,Estable
EMP0002743,2743,Yes,1,9,Estable
EMP0002744,2744,Yes,3,0,Medio
EMP0002745,2745,No,1,0,Estable
EMP0002746,2746,No,3,1,Estable
EMP0002747,2747,No,2,1,Estable
EMP0002899,2899,Yes,1,0,Crítico
EMP0002748,2748,Yes,4,3,Estable
EMP0002749,2749,Yes,2,0,Crítico
EMP0002750,2750,No,1,2,Estable
EMP0002751,2751,No,3,0,Estable
EMP0002752,2752,Yes,2,2,Estable
EMP0002753,2753,Yes,3,9,Medio
EMP0002754,2754,Yes,1,2,Estable
EMP0002755,2755,Yes,4,1,Estable
EMP0002756,2756,No,4,1,Estable
EMP0002757,2757,No,1,0,Estable
EMP0002758,2758,No,4,0,Estable
EMP0002759,2759,Yes,1,4,Estable
EMP0002760,2760,Yes,1,2,Estable
EMP0002761,2761,Yes,3,1,Medio
EMP0002762,2762,Yes,3,7,Medio
EMP0002763,2763,Yes,3,1,Medio
EMP0002764,2764,No,4,1,Estable
EMP0002765,2765,No,2,0,Estable
EMP0002766,2766,Yes,1,10,Estable
EMP0002767,2767,No,4,5,Estable
EMP0002768,2768,No,2,1,Estable
EMP0002769,2769,Yes,2,7,Estable
EMP0002770,2770,Yes,1,0,Crítico
EMP0002771,2771,Yes,4,2,Estable
EMP0002772,2772,No,2,0,Estable
EMP0002773,2773,No,3,3,Estable
EMP0002774,2774,No,1,7,Estable
EMP0002775,2775,Yes,3,4,Medio
EMP0002776,2776,No,4,2,Estable
EMP0002777,2777,Yes,4,0,Estable
EMP0002778,2778,No,3,2,Estable
EMP0002779,2779,No,3,0,Estable
EMP0002780,2780,No,1,1,Estable
EMP0002781,2781,No,1,6,Estable
EMP0002782,2782,Yes,3,0,Medio
EMP0002783,2783,Yes,1,3,Estable
EMP0002784,2784,Yes,4,1,Estable
EMP0002785,2785,Yes,1,7,Estable
EMP0002786,2786,Yes,1,1,Crítico
EMP0002787,2787,Yes,4,0,Estable
EMP0002788,2788,No,4,0,Estable
EMP0002789,2789,No,4,0,Estable
EMP0002790,2790,No,4,4,Estable
EMP0002791,2791,Yes,2,10,Estable
EMP0002792,2792,No,4,1,Estable
EMP0002793,2793,No,4,11,Estable
EMP0002794,2794,Yes,2,1,Crítico
EMP0002795,2795,No,4,2,Estable
EMP0002796,2796,Yes,4,3,Estable
EMP0002797,2797,Yes,2,7,Estable
EMP0002798,2798,No,1,2,Estable
EMP0002799,2799,No,1,0,Estable
EMP0002800,2800,No,2,0,Estable
EMP0002801,2801,Yes,1,5,Estable
EMP0002802,2802,Yes,2,5,Estable
EMP0002803,2803,No,4,1,Estable
EMP0002804,2804,No,4,0,Estable
EMP0002805,2805,Yes,2,11,Estable
EMP0002806,2806,Yes,2,1,Crítico
EMP0002807,2807,No,1,2,Estable
EMP0002808,2808,Yes,3,0,Medio
EMP0002809,2809,No,4,5,Estable
EMP0002810,2810,Yes,2,1,Crítico
EMP0002811,2811,Yes,2,0,Crítico
EMP0002812,2812,No,4,0,Estable
EMP0002813,2813,Yes,1,4,Estable
EMP0002814,2814,Yes,4,2,Estable
EMP0002815,2815,No,2,1,Estable
EMP0002816,2816,No,2,5,Estable
EMP0002817,2817,No,1,3,Estable
EMP0002818,2818,No,2,0,Estable
EMP0002819,2819,Yes,4,3,Estable
EMP0002820,2820,Yes,3,1,Medio
EMP0002821,2821,Yes,4,6,Estable
EMP0002822,2822,Yes,2,3,Estable
EMP0002823,2823,Yes,3,9,Medio
EMP0002824,2824,No,2,2,Estable
EMP0002825,2825,Yes,2,2,Estable
EMP0002826,2826,Yes,4,7,Estable
EMP0002827,2827,Yes,3,10,Medio
EMP0002828,2828,No,3,7,Estable
EMP0002829,2829,Yes,4,0,Estable
EMP0002830,2830,No,4,0,Estable
EMP0002831,2831,Yes,2,0,Crítico
EMP0002832,2832,Yes,2,6,Estable
EMP0002833,2833,Yes,2,4,Estable
EMP0002834,2834,Yes,4,0,Estable
EMP0002835,2835,No,2,4,Estable
EMP0002836,2836,No,4,0,Estable
EMP0002837,2837,Yes,3,4,Medio
EMP0002838,2838,Yes,4,3,Estable
EMP0002839,2839,Yes,3,1,Medio
EMP0002840,2840,Yes,2,9,Estable
EMP0002841,2841,Yes,3,2,Medio
EMP0002842,2842,Yes,1,3,Estable
EMP0002843,2843,Yes,2,2,Estable
EMP0002844,2844,No,3,8,Estable
EMP0002845,2845,No,1,1,Estable
EMP0002846,2846,Yes,2,3,Estable
EMP0002847,2847,No,2,8,Estable
EMP0002848,2848,No,3,5,Estable
EMP0002849,2849,No,4,0,Estable
EMP0002850,2850,No,4,0,Estable
EMP0002851,2851,Yes,2,8,Estable
EMP0002852,2852,Yes,2,1,Crítico
EMP0002853,2853,No,1,3,Estable
EMP0002854,2854,No,1,2,Estable
EMP0002855,2855,No,1,1,Estable
EMP0002856,2856,Yes,3,1,Medio
EMP0002857,2857,Yes,3,1,Medio
EMP0002858,2858,Yes,1,0,Crítico
EMP0002859,2859,No,3,0,Estable
EMP0002860,2860,No,2,1,Estable
EMP0002861,2861,No,1,3,Estable
EMP0002862,2862,No,1,1,Estable
EMP0002863,2863,Yes,1,0,Crítico
EMP0002864,2864,No,2,2,Estable
EMP0002865,2865,Yes,4,2,Estable
EMP0002866,2866,No,2,0,Estable
EMP0002867,2867,No,4,1,Estable
EMP0002868,2868,No,2,1,Estable
EMP0002869,2869,Yes,2,0,Crítico
EMP0002870,2870,Yes,3,0,Medio
EMP0002871,2871,Yes,3,0,Medio
EMP0002872,2872,No,2,1,Estable
EMP0002873,2873,Yes,1,2,Estable
EMP0002874,2874,No,1,0,Estable
EMP0002875,2875,No,2,6,Estable
EMP0002876,2876,No,1,1,Estable
EMP0002877,2877,No,1,0,Estable
EMP0002878,2878,Yes,1,0,Crítico
EMP0002879,2879,No,2,5,Estable
EMP0002880,2880,Yes,1,1,Crítico
EMP0002881,2881,Yes,2,0,Crítico
EMP0002882,2882,No,2,0,Estable
EMP0002883,2883,Yes,2,3,Estable
EMP0002884,2884,No,2,3,Estable
EMP0002885,2885,Yes,4,5,Estable
EMP0002886,2886,Yes,2,6,Estable
EMP0002887,2887,Yes,2,5,Estable
EMP0002888,2888,No,3,4,Estable
EMP0002889,2889,Yes,2,0,Crítico
EMP0002890,2890,Yes,2,0,Crítico
EMP0002891,2891,Yes,2,2,Estable
EMP0002892,2892,Yes,4,5,Estable
EMP0002893,2893,No,2,0,Estable
EMP0002894,2894,Yes,3,2,Medio
EMP0002895,2895,No,4,0,Estable
EMP0002896,2896,No,4,18,Estable
EMP0002897,2897,Yes,3,10,Medio
EMP0002898,2898,No,4,0,Estable
EMP0002900,2900,Yes,4,25,Estable
EMP0002901,2901,No,4,3,Estable
EMP0002902,2902,Yes,2,4,Estable
EMP0002903,2903,No,4,0,Estable
EMP0002904,2904,Yes,3,6,Medio
EMP0002905,2905,Yes,3,0,Medio
EMP0002906,2906,Yes,2,2,Estable
EMP0002907,2907,No,1,2,Estable
EMP0002908,2908,No,2,6,Estable
EMP0002909,2909,No,1,3,Estable
EMP0002910,2910,Yes,4,3,Estable
EMP0002911,2911,No,4,2,Estable
EMP0002912,2912,Yes,2,0,Crítico
EMP0002913,2913,No,2,1,Estable
EMP0002914,2914,No,1,0,Estable
EMP0002915,2915,No,1,1,Estable
EMP0002916,2916,Yes,3,1,Medio
EMP0002917,2917,No,2,1,Estable
EMP0002918,2918,Yes,4,8,Estable
EMP0002919,2919,No,2,3,Estable
EMP0002920,2920,Yes,4,0,Estable
EMP0002921,2921,Yes,2,0,Crítico
EMP0002922,2922,Yes,3,0,Medio
EMP0002923,2923,Yes,1,0,Crítico
EMP0002924,2924,Yes,4,2,Estable
EMP0002925,2925,No,2,5,Estable
EMP0002926,2926,Yes,4,1,Estable
EMP0002927,2927,No,2,5,Estable
EMP0002928,2928,Yes,2,1,Crítico
EMP0002929,2929,Yes,2,1,Crítico
EMP0002930,2930,No,2,0,Estable
EMP0002931,2931,Yes,4,3,Estable
EMP0002932,2932,No,2,4,Estable
EMP0002933,2933,No,2,8,Estable
EMP0002934,2934,Yes,1,3,Estable
EMP0002935,2935,Yes,2,2,Estable
EMP0002936,2936,Yes,4,9,Estable
EMP0002937,2937,Yes,4,0,Estable
EMP0002938,2938,Yes,1,0,Crítico
EMP0002939,2939,Yes,3,0,Medio
EMP0002940,2940,Yes,2,0,Crítico
EMP0002941,2941,Yes,1,0,Crítico
EMP0002942,2942,Yes,4,9,Estable
EMP0002943,2943,No,1,1,Estable
EMP0002944,2944,Yes,4,2,Estable
EMP0002945,2945,Yes,4,1,Estable
EMP0002946,2946,No,2,1,Estable
EMP0002947,2947,Yes,1,1,Crítico
EMP0002948,2948,No,2,3,Estable
EMP0002949,2949,Yes,1,1,Crítico
EMP0002950,2950,Yes,3,0,Medio
EMP0002951,2951,Yes,3,1,Medio
EMP0002952,2952,Yes,3,0,Medio
EMP0002953,2953,Yes,2,1,Crítico
EMP0002954,2954,No,2,2,Estable
EMP0002955,2955,Yes,1,2,Estable
EMP0002956,2956,Yes,2,0,Crítico
EMP0002957,2957,No,1,0,Estable
EMP0002958,2958,Yes,4,3,Estable
EMP0002959,2959,Yes,2,9,Estable
EMP0002960,2960,Yes,2,8,Estable
EMP0002961,2961,No,3,1,Estable
EMP0002962,2962,Yes,1,0,Crítico
EMP0002963,2963,Yes,1,2,Estable
EMP0002964,2964,No,1,12,Estable
EMP0002965,2965,Yes,1,1,Crítico
EMP0002966,2966,Yes,4,1,Estable
EMP0002967,2967,No,2,3,Estable
EMP0002968,2968,No,2,2,Estable
EMP0002969,2969,No,3,4,Estable
EMP0002970,2970,Yes,2,4,Estable
EMP0002971,2971,Yes,2,11,Estable
EMP0002972,2972,Yes,2,2,Estable
EMP0002973,2973,No,1,0,Estable
EMP0002974,2974,Yes,1,0,Crítico
EMP0002975,2975,Yes,2,2,Estable
EMP0002976,2976,Yes,4,28,Estable
EMP0002977,2977,Yes,4,2,Estable
EMP0002978,2978,Yes,1,6,Estable
EMP0002979,2979,No,1,0,Estable
EMP0002980,2980,No,3,7,Estable
EMP0002981,2981,Yes,3,1,Medio
EMP0002982,2982,Yes,2,0,Crítico
EMP0002983,2983,No,2,1,Estable
EMP0002984,2984,Yes,1,0,Crítico
EMP0002985,2985,Yes,4,1,Estable
EMP0002986,2986,No,4,13,Estable
EMP0002987,2987,Yes,4,0,Estable
EMP0002988,2988,Yes,2,4,Estable
EMP0002989,2989,No,4,0,Estable
EMP0002990,2990,Yes,1,7,Estable
EMP0002991,2991,Yes,4,4,Estable
EMP0002992,2992,No,2,0,Estable
EMP0002993,2993,Yes,2,8,Estable
EMP0002994,2994,No,4,2,Estable
EMP0002995,2995,No,1,9,Estable
EMP0002996,2996,No,3,0,Estable
EMP0002997,2997,No,3,0,Estable
EMP0002998,2998,Yes,1,4,Estable
EMP0002999,2999,No,4,6,Estable
EMP0003000,3000,No,4,0,Estable
